Date,Price_Baoshan Iron & Steel Stock Price History,Price_Beijing Tongrentang Stock Price History,Price_China Shenhua Energy SH Stock Price History,Price_Huaneng Power International Stock Price History,Price_SAIC Motor Corp Stock Price History
2015-01-05,7.47,22.4,22.32,9.36,23.61
2015-01-06,7.17,24.38,22.86,9.1,24.66
2015-01-07,7.06,23.86,22.86,9.08,24.67
2015-01-08,6.79,23.68,22.38,8.66,24.1
2015-01-09,6.64,23.59,21.55,8.56,23.75
2015-01-12,6.34,23.88,20.83,8.22,24.65
2015-01-13,6.33,23.82,20.7,8.24,25.15
2015-01-14,6.23,23.94,20.5,8.37,24.35
2015-01-15,6.44,23.96,21.49,8.59,24.66
2015-01-16,6.41,24.44,21.67,8.6,24.83
2015-01-19,5.8,22.87,19.51,7.73,22.84
2015-01-20,5.9,23.36,19.57,8.09,23.33
2015-01-21,6.12,23.68,20.42,8.33,23.96
2015-01-22,6.21,23.87,20.45,8.36,24.07
2015-01-23,6.15,23.45,20.15,8.34,23.79
2015-01-26,6.25,24.2,20.28,8.47,23.6
2015-01-27,6.12,23.67,19.8,8.35,24.18
2015-01-28,6.04,23.26,19.47,8.21,23.9
2015-01-29,6.07,22.89,19.33,8.24,23.4
2015-01-30,5.94,22.58,19.09,8.29,22.66
2015-02-02,5.71,22.15,18.53,7.99,21.96
2015-02-03,5.83,22.44,19.13,8.07,22.5
2015-02-04,6.41,22.16,18.97,8.02,21.94
2015-02-05,6.18,22.06,18.56,7.58,21.82
2015-02-06,6.43,22.61,17.92,7.2,22.01
2015-02-09,6.63,22.22,17.83,7.19,22.48
2015-02-10,6.61,21.45,18.21,7.41,22.99
2015-02-11,6.49,21.76,18.28,7.43,23.12
2015-02-12,6.41,21.49,18.28,7.44,23.02
2015-02-13,6.49,21.94,18.42,7.49,22.91
2015-02-16,6.48,22.2,18.4,7.46,23.17
2015-02-17,6.62,22.57,18.39,7.48,23.58
2015-02-25,6.53,22.32,17.95,7.57,24.16
2015-02-26,6.62,22.55,18.56,7.75,24.6
2015-02-27,6.69,22.54,18.6,7.71,24.38
2015-03-02,6.93,22.47,18.9,7.79,24.28
2015-03-03,6.61,22.87,18.18,7.53,23.45
2015-03-04,6.59,23.28,18.31,7.53,23.79
2015-03-05,6.35,23.0,17.92,7.41,23.28
2015-03-06,6.3,22.52,18.06,7.41,22.74
2015-03-09,6.38,22.69,18.24,7.51,23.12
2015-03-10,6.31,22.71,18.04,7.55,23.01
2015-03-11,6.28,22.46,17.83,7.58,23.58
2015-03-12,6.37,22.75,18.37,7.7,24.71
2015-03-13,6.44,22.68,18.69,7.72,24.74
2015-03-16,6.6,23.68,18.89,7.84,24.88
2015-03-17,6.65,23.37,19.05,8.09,25.12
2015-03-18,6.92,23.65,19.65,8.22,25.16
2015-03-19,6.83,24.01,19.75,8.19,24.71
2015-03-20,6.84,24.1,19.67,8.19,24.73
2015-03-23,6.98,24.45,19.99,8.38,25.45
2015-03-24,7.36,26.29,19.65,8.41,25.51
2015-03-25,7.05,26.98,19.24,8.17,24.79
2015-03-26,7.13,26.18,19.62,8.19,24.78
2015-03-27,7.07,26.2,19.73,8.19,24.68
2015-03-30,7.26,26.23,20.45,8.41,25.39
2015-03-31,7.12,26.1,20.1,8.27,24.84
2015-04-01,7.15,26.41,20.34,8.4,25.81
2015-04-02,7.09,26.5,20.63,8.39,25.56
2015-04-03,7.15,27.36,20.51,8.41,26.23
2015-04-07,7.28,28.79,21.14,8.64,26.09
2015-04-08,7.32,29.25,20.92,8.52,26.2
2015-04-09,7.55,29.68,20.58,8.31,25.49
2015-04-10,7.56,30.49,20.99,8.48,25.73
2015-04-13,7.63,31.74,21.32,8.66,25.57
2015-04-14,7.55,33.88,21.08,9.41,25.57
2015-04-15,7.3,31.78,20.63,9.01,25.73
2015-04-16,7.47,32.9,21.49,9.15,27.63
2015-04-17,8.0,33.2,22.24,9.38,27.58
2015-04-20,8.13,32.0,22.38,9.43,27.25
2015-04-21,8.32,32.96,22.81,9.54,28.2
2015-04-22,8.42,33.56,23.4,10.49,28.26
2015-04-23,8.79,33.11,23.63,10.72,28.02
2015-04-24,8.43,32.15,22.81,10.96,27.16
2015-04-27,9.25,32.74,24.44,11.49,27.46
2015-04-28,9.54,33.32,23.89,11.13,27.06
2015-04-29,9.31,33.18,23.56,11.02,27.32
2015-04-30,8.98,32.22,22.73,11.28,27.01
2015-05-04,9.87,31.25,23.02,12.36,27.19
2015-05-05,9.15,30.55,21.65,11.41,25.77
2015-05-06,8.68,30.17,20.83,10.82,25.38
2015-05-07,8.03,29.4,20.38,10.13,25.37
2015-05-08,8.5,30.98,20.77,10.76,25.35
2015-05-11,8.69,32.99,21.29,11.21,25.9
2015-05-12,8.88,32.58,21.24,11.66,25.73
2015-05-13,8.76,32.33,20.86,11.13,25.14
2015-05-14,8.5,32.0,21.13,11.04,24.6
2015-05-15,8.17,31.07,20.36,10.6,24.27
2015-05-18,8.13,31.05,19.82,10.41,23.83
2015-05-19,8.34,31.5,20.43,10.83,24.69
2015-05-20,8.41,31.84,20.44,10.85,25.1
2015-05-21,8.42,32.98,20.63,10.87,25.29
2015-05-22,8.89,33.1,21.36,11.19,25.78
2015-05-25,9.27,36.4,22.0,11.63,26.39
2015-05-26,9.44,36.65,22.21,11.63,26.43
2015-05-27,9.47,38.75,22.61,12.09,25.84
2015-05-28,8.58,36.86,20.72,11.04,24.17
2015-05-29,8.32,38.35,20.57,10.82,23.99
2015-06-01,8.81,41.92,22.62,11.9,24.95
2015-06-02,9.03,42.47,22.76,12.06,24.83
2015-06-03,8.84,42.98,22.23,11.79,25.12
2015-06-04,8.98,42.34,23.09,11.88,24.86
2015-06-05,9.53,42.71,23.09,12.17,25.23
2015-06-08,9.7,42.44,23.89,12.56,26.61
2015-06-09,9.53,41.28,26.29,12.48,26.11
2015-06-10,9.37,41.1,25.28,12.15,26.19
2015-06-11,9.46,41.62,24.57,11.93,26.02
2015-06-12,9.57,42.13,25.35,12.73,26.09
2015-06-15,9.7,43.08,23.36,12.79,25.37
2015-06-16,9.06,40.33,22.97,12.03,24.57
2015-06-17,9.24,40.69,23.74,13.09,24.75
2015-06-18,9.02,39.49,22.28,12.37,23.58
2015-06-19,8.27,37.1,20.89,11.96,22.5
2015-06-23,8.5,39.31,21.66,12.26,23.31
2015-06-24,8.91,40.45,22.88,13.52,23.48
2015-06-25,8.98,39.21,21.54,14.08,22.6
2015-06-26,8.16,35.26,19.8,12.67,21.0
2015-06-29,8.15,32.68,19.79,13.56,20.93
2015-06-30,8.74,35.93,20.86,14.01,22.59
2015-07-01,8.37,33.08,19.74,12.63,21.56
2015-07-02,7.64,29.73,18.61,11.37,21.14
2015-07-03,6.88,26.83,17.1,10.23,20.26
2015-07-06,7.19,27.71,18.3,10.54,21.92
2015-07-07,7.54,25.1,20.08,11.2,23.08
2015-07-08,6.75,22.55,18.78,10.05,22.98
2015-07-09,7.43,24.81,20.72,11.06,25.24
2015-07-10,8.16,27.29,21.93,12.17,26.1
2015-07-13,8.2,30.02,21.57,12.46,24.84
2015-07-14,7.59,29.6,20.11,11.41,23.24
2015-07-15,7.09,26.65,19.98,10.26,23.71
2015-07-16,7.23,28.35,20.12,10.5,23.78
2015-07-17,7.45,30.21,20.53,10.9,24.38
2015-07-20,7.34,30.08,19.95,10.81,24.1
2015-07-21,7.34,30.0,19.82,10.83,24.48
2015-07-22,7.38,29.75,19.62,11.12,21.92
2015-07-23,7.61,31.18,19.83,11.2,22.0
2015-07-24,7.43,30.69,19.77,10.96,21.31
2015-07-27,6.69,27.66,17.8,9.86,19.19
2015-07-28,6.63,28.3,17.1,10.45,19.3
2015-07-29,6.92,29.98,17.66,10.8,19.81
2015-07-30,6.64,29.55,17.0,10.45,19.12
2015-07-31,6.79,30.03,17.0,10.55,19.27
2015-08-03,7.23,30.68,17.43,11.08,19.79
2015-08-04,7.25,31.8,17.85,11.22,20.08
2015-08-05,7.07,30.53,17.58,10.76,19.42
2015-08-06,6.88,30.05,17.48,10.67,19.39
2015-08-07,7.02,30.12,17.71,10.74,19.57
2015-08-10,7.72,31.49,19.22,11.26,20.31
2015-08-11,7.75,30.97,19.78,11.08,20.06
2015-08-12,7.71,29.98,20.79,10.98,19.84
2015-08-13,7.74,30.29,20.57,11.2,20.05
2015-08-14,7.61,30.65,20.32,11.08,19.83
2015-08-17,7.77,31.39,19.81,11.15,19.57
2015-08-18,6.99,29.01,17.84,10.23,18.26
2015-08-19,7.48,29.55,17.88,10.35,18.36
2015-08-20,7.13,28.82,17.16,10.16,17.89
2015-08-21,6.8,27.05,17.0,9.71,16.99
2015-08-24,6.11,24.32,15.32,8.74,15.4
2015-08-25,5.5,21.89,13.79,7.91,14.12
2015-08-26,5.18,22.5,13.9,7.85,15.02
2015-08-27,5.38,24.01,14.5,8.29,16.52
2015-08-28,5.73,25.16,15.32,8.77,16.98
2015-08-31,5.7,24.82,15.56,9.06,17.35
2015-09-01,5.92,24.0,15.98,9.46,17.44
2015-09-02,6.24,24.13,16.58,10.31,17.91
2015-09-07,5.98,23.54,15.3,9.36,16.85
2015-09-08,6.06,24.39,15.3,9.5,17.05
2015-09-09,6.17,25.15,15.56,9.52,17.17
2015-09-10,6.02,24.61,15.6,9.4,17.16
2015-09-11,5.98,24.03,15.34,9.22,17.14
2015-09-14,6.05,23.89,15.82,8.99,17.6
2015-09-15,5.67,22.57,15.23,8.72,17.48
2015-09-16,6.0,24.05,15.92,9.28,18.34
2015-09-17,5.83,23.29,15.26,8.97,17.46
2015-09-18,5.83,23.19,15.22,8.97,17.31
2015-09-21,5.86,23.53,15.35,9.09,17.32
2015-09-22,5.92,23.8,15.54,9.14,17.38
2015-09-23,5.7,23.77,14.91,8.82,16.55
2015-09-24,5.72,24.04,15.02,8.87,16.6
2015-09-25,5.56,23.27,14.9,8.63,16.31
2015-09-28,5.6,23.03,14.84,8.7,16.57
2015-09-29,5.47,22.31,14.39,8.64,16.13
2015-09-30,5.59,22.48,14.48,8.65,16.8
2015-10-08,5.77,23.92,15.06,8.95,17.77
2015-11-06,5.96,27.02,15.97,9.74,19.55
2015-11-09,6.03,27.55,16.18,9.88,20.88
2015-11-10,6.01,27.13,16.26,9.74,20.68
2015-11-11,6.05,27.02,16.2,9.72,20.31
2015-11-12,5.92,27.2,15.94,9.62,19.92
2015-11-13,5.79,26.24,15.58,9.62,20.11
2015-11-16,5.82,26.33,15.68,9.48,20.21
2015-11-17,5.88,26.4,15.68,9.51,20.08
2015-11-18,5.87,26.6,15.6,9.39,19.8
2015-11-19,5.91,27.95,15.71,9.45,19.9
2015-11-20,5.89,27.54,15.65,9.43,19.96
2015-11-23,5.83,27.08,15.47,9.32,19.9
2015-11-24,5.8,26.81,15.35,9.25,19.83
2015-11-25,5.81,27.0,15.43,9.29,19.92
2015-11-26,5.8,26.59,15.59,9.25,19.81
2015-11-27,5.51,25.56,14.74,8.79,18.96
2015-11-30,5.48,26.59,14.7,8.92,19.13
2015-12-01,5.52,28.18,14.76,8.95,19.56
2015-12-02,5.69,28.73,15.2,9.26,20.64
2015-12-03,5.67,28.96,15.28,9.25,21.15
2015-12-04,5.53,28.22,15.1,9.05,20.63
2015-12-07,5.51,31.03,14.99,8.98,20.65
2015-12-08,5.4,33.51,14.65,8.83,20.08
2015-12-09,5.42,33.56,14.71,8.84,20.98
2015-12-10,5.38,33.5,14.66,8.79,20.63
2015-12-11,5.42,34.53,14.66,8.66,20.42
2015-12-14,5.51,35.39,14.97,8.94,20.76
2015-12-15,5.46,34.54,14.78,8.84,20.59
2015-12-16,5.43,33.69,14.9,8.73,20.43
2015-12-17,5.64,37.06,15.1,8.84,20.63
2015-12-18,5.53,36.99,15.0,8.87,20.68
2015-12-21,5.65,40.66,15.34,9.2,21.61
2015-12-22,5.77,41.08,15.34,9.14,21.54
2015-12-23,5.68,41.25,15.26,9.11,21.9
2015-12-24,5.68,38.48,15.06,8.94,21.78
2015-12-25,5.65,38.55,15.11,8.99,21.84
2015-12-28,5.53,39.53,14.82,8.78,21.21
2015-12-29,5.63,39.88,15.02,8.81,21.37
2015-12-30,5.59,40.71,15.06,8.81,21.34
2015-12-31,5.58,44.55,14.97,8.73,21.24
2016-01-04,5.24,40.15,14.1,8.23,19.67
2016-01-05,5.43,36.59,14.33,8.22,19.94
2016-01-06,5.97,36.77,15.75,8.4,20.19
2016-01-07,5.37,33.11,14.18,7.78,18.86
2016-01-08,5.92,33.16,15.63,7.98,19.52
2016-01-11,5.73,31.0,14.4,7.61,19.05
2016-01-12,5.5,32.86,14.18,7.52,18.99
2016-01-13,5.71,31.48,14.03,7.44,19.24
2016-01-14,6.05,33.02,14.22,7.47,19.83
2016-01-15,5.9,31.89,13.67,7.15,19.7
2016-01-18,5.84,31.96,13.46,7.15,19.5
2016-01-19,6.03,33.05,13.75,7.39,20.02
2016-01-20,5.67,31.93,13.48,7.36,19.22
2016-01-21,5.4,29.25,13.31,7.15,18.76
2016-01-22,5.49,29.36,13.75,7.22,18.92
2016-01-25,5.62,30.74,13.94,7.24,18.91
2016-01-26,5.1,27.88,13.03,6.86,18.04
2016-01-27,5.47,28.99,13.23,6.78,17.89
2016-01-28,5.16,28.01,13.25,6.68,17.89
2016-01-29,5.22,29.09,13.4,6.86,18.63
2016-02-01,4.93,28.5,13.05,6.73,18.59
2016-02-02,4.95,29.19,13.19,6.83,18.85
2016-02-03,4.84,28.58,12.99,6.78,18.39
2016-02-04,4.91,28.96,13.14,6.86,18.59
2016-02-05,4.93,30.68,13.1,6.8,18.39
2016-02-15,4.84,31.66,13.06,6.69,18.52
2016-02-16,4.99,32.0,13.36,6.9,18.85
2016-02-17,5.06,31.31,13.46,6.94,18.93
2016-02-18,5.09,30.7,13.49,6.96,18.75
2016-02-19,5.03,31.11,13.38,6.95,18.63
2016-02-22,5.37,31.34,13.75,7.07,18.87
2016-02-23,5.38,30.73,13.85,7.06,18.77
2016-02-24,5.42,30.23,13.85,7.28,18.82
2016-02-25,5.08,28.58,12.99,6.85,18.01
2016-02-26,5.23,28.5,13.31,6.98,18.02
2016-02-29,5.08,27.13,13.64,6.9,18.33
2016-03-01,5.13,27.37,13.82,6.9,18.41
2016-03-02,5.45,28.26,14.32,7.13,18.94
2016-03-03,5.38,28.21,14.16,7.18,19.0
2016-03-04,5.39,29.0,14.45,7.48,19.71
2016-03-07,5.61,28.8,14.52,7.42,19.59
2016-03-08,5.58,28.48,14.45,7.42,19.73
2016-03-09,5.31,28.27,14.21,7.44,20.03
2016-03-10,5.18,27.66,13.64,7.26,19.47
2016-03-11,5.18,27.47,13.86,7.32,19.52
2016-03-14,5.26,28.04,14.06,7.41,19.4
2016-03-15,5.19,27.91,14.0,7.79,19.42
2016-03-16,5.21,28.48,14.26,7.91,20.11
2016-03-17,5.26,28.81,14.3,7.9,19.9
2016-03-18,5.37,29.1,14.34,7.84,19.85
2016-03-21,5.44,29.64,14.42,7.86,19.94
2016-03-22,5.33,28.98,14.27,7.91,19.87
2016-03-23,5.35,28.93,14.26,7.82,19.88
2016-03-24,5.25,28.43,13.94,7.75,19.68
2016-03-25,5.22,29.19,14.01,7.77,19.86
2016-03-28,5.2,29.37,13.9,7.8,19.51
2016-03-29,5.13,28.76,13.82,7.84,19.22
2016-03-30,5.26,30.55,14.17,8.05,19.76
2016-03-31,5.25,30.17,14.07,7.97,20.07
2016-04-01,5.33,29.8,14.21,8.02,20.37
2016-04-05,5.37,30.22,14.25,8.04,20.34
2016-04-06,5.34,30.05,14.18,8.0,20.34
2016-04-07,5.36,29.84,14.1,7.86,20.2
2016-04-08,5.51,29.62,14.14,7.8,20.15
2016-04-11,5.85,30.08,14.43,7.89,20.44
2016-04-12,5.91,29.9,14.97,7.81,20.38
2016-04-13,5.92,29.92,15.45,7.92,20.4
2016-04-14,5.95,29.89,15.37,7.95,20.58
2016-04-15,5.82,29.84,15.27,7.92,20.48
2016-04-18,5.79,29.22,15.23,7.77,20.2
2016-04-19,5.87,29.12,15.06,7.77,20.24
2016-04-20,5.8,28.38,14.86,7.78,20.23
2016-04-21,5.86,28.0,14.83,7.66,20.02
2016-04-22,5.71,28.32,14.72,7.72,20.26
2016-04-25,5.78,27.89,14.76,7.7,20.44
2016-04-26,5.77,28.0,14.7,7.67,20.48
2016-04-27,5.68,27.92,14.4,7.63,20.25
2016-04-28,5.57,27.76,14.52,7.52,20.2
2016-04-29,5.56,27.87,14.78,7.47,20.33
2016-05-03,5.63,28.82,14.7,7.57,20.54
2016-05-04,5.6,28.72,14.51,7.58,20.46
2016-05-05,5.56,28.63,14.49,7.57,20.17
2016-05-06,5.41,27.91,14.12,7.43,19.79
2016-05-09,5.16,27.36,13.59,7.23,19.73
2016-05-10,5.21,27.33,13.57,7.2,19.93
2016-05-11,5.21,28.31,13.72,7.28,20.06
2016-05-12,5.25,27.81,13.81,7.36,20.05
2016-05-13,5.23,27.55,13.81,7.25,19.81
2016-05-16,5.2,27.86,13.82,7.25,19.88
2016-05-17,5.25,27.74,13.71,7.22,19.9
2016-05-18,5.16,27.27,13.59,7.26,19.81
2016-05-19,5.18,27.25,13.51,7.23,19.82
2016-05-20,5.21,27.05,13.58,7.25,19.81
2016-05-23,5.22,27.13,13.61,7.29,19.77
2016-05-24,5.15,26.92,13.63,7.31,19.78
2016-05-25,5.18,27.04,13.63,7.31,19.77
2016-05-26,5.17,26.98,13.66,7.3,19.73
2016-05-27,5.21,26.88,13.61,7.26,19.75
2016-05-30,5.18,26.74,13.63,7.33,19.92
2016-05-31,5.29,27.49,13.96,7.5,20.29
2016-06-01,5.25,27.27,13.87,7.45,20.2
2016-06-02,5.25,27.33,13.85,7.45,20.22
2016-06-03,5.25,28.01,13.89,7.46,20.56
2016-06-06,5.26,27.74,13.8,7.47,20.4
2016-06-07,5.23,27.75,13.85,7.54,20.32
2016-06-08,5.14,27.66,13.85,7.53,20.32
2016-06-13,5.03,26.82,13.41,7.26,20.04
2016-06-14,5.04,26.66,13.42,7.26,20.18
2016-06-15,5.07,27.12,13.52,7.32,20.35
2016-06-16,4.99,26.83,13.4,7.23,20.13
2016-06-17,5.01,26.9,13.58,7.27,20.2
2016-06-20,5.01,27.46,13.52,7.3,20.28
2016-06-21,4.97,27.1,13.47,7.32,20.3
2016-06-22,5.0,27.59,13.76,7.37,20.38
2016-06-23,4.99,27.48,13.93,7.33,20.22
2016-06-24,4.9,27.05,13.62,7.31,20.06
2016-10-10,5.39,31.23,15.42,7.1,22.48
2016-10-11,5.8,31.26,15.53,7.12,22.39
2016-10-12,5.59,31.18,15.54,7.1,22.14
2016-10-13,5.55,31.06,15.53,7.09,22.35
2016-10-14,5.52,30.85,15.53,7.14,22.38
2016-10-17,5.48,30.77,15.49,7.12,22.2
2016-10-18,5.54,31.0,15.81,7.15,22.54
2016-10-19,5.53,31.21,15.95,7.14,22.96
2016-10-20,5.5,31.13,15.94,7.11,23.29
2016-10-21,5.5,30.96,16.11,7.14,23.57
2016-10-24,5.58,31.44,17.3,7.2,23.4
2016-10-25,5.69,32.16,17.36,7.21,23.09
2016-10-26,5.68,31.94,17.0,7.17,23.06
2016-10-27,5.65,31.85,16.76,7.16,23.2
2016-10-28,5.6,31.64,16.88,7.18,23.4
2016-10-31,5.61,31.36,16.9,7.16,23.68
2016-11-01,5.63,31.7,17.11,7.17,23.53
2016-11-02,5.56,31.42,16.86,7.11,23.25
2016-11-03,5.56,31.55,17.04,7.11,23.31
2016-11-04,5.58,31.52,17.35,7.11,23.19
2016-11-07,5.69,31.44,18.2,7.1,23.2
2016-11-08,5.66,31.62,17.7,7.12,23.53
2016-11-09,5.6,31.25,17.69,7.05,23.45
2016-11-10,5.68,31.59,17.7,7.1,23.97
2016-11-11,5.9,31.56,17.78,7.13,23.96
2016-11-14,6.08,31.55,17.69,7.17,23.62
2016-11-15,5.98,31.81,17.25,7.18,23.36
2016-11-16,5.93,31.77,17.2,7.17,23.48
2016-11-17,5.9,31.66,17.31,7.2,23.5
2016-11-18,5.98,31.96,16.95,7.17,23.7
2016-11-21,5.95,32.96,16.99,7.33,23.62
2016-11-22,6.15,32.75,17.68,7.31,23.46
2016-11-23,6.13,32.55,17.37,7.3,23.65
2016-11-24,6.18,34.7,17.43,7.32,24.49
2016-11-25,6.32,34.24,17.44,7.39,24.94
2016-11-28,6.38,33.97,17.76,7.46,24.14
2016-11-29,6.56,34.73,17.5,7.68,25.39
2016-11-30,6.41,34.27,16.95,7.66,25.24
2016-12-08,6.6,32.08,17.28,7.39,24.8
2016-12-09,6.89,32.4,17.31,7.38,24.77
2016-12-12,6.9,31.45,17.22,7.28,24.36
2016-12-13,7.19,31.4,17.07,7.19,24.45
2016-12-14,6.89,31.54,16.69,7.15,23.97
2016-12-15,6.7,31.42,16.4,7.13,22.8
2016-12-16,6.51,31.36,16.09,7.12,23.14
2016-12-19,6.58,31.55,16.14,7.14,22.95
2016-12-20,6.35,31.29,16.11,7.06,22.94
2016-12-21,6.43,31.36,16.21,7.16,23.04
2016-12-22,6.31,31.48,16.1,7.2,23.43
2016-12-23,6.32,31.55,15.84,7.09,23.17
2016-12-26,6.2,31.2,15.72,7.14,23.08
2016-12-27,6.21,31.3,15.66,7.06,22.96
2016-12-28,6.24,31.1,15.72,7.06,23.15
2016-12-29,6.3,30.61,16.03,7.04,22.89
2016-12-30,6.35,31.35,16.19,7.05,23.48
2017-01-03,6.35,31.4,16.19,7.08,23.89
2017-01-04,6.47,31.58,16.3,7.1,24.3
2017-01-05,6.48,31.36,16.31,7.07,24.04
2017-01-06,6.61,31.05,16.4,7.09,23.91
2017-01-09,6.63,31.09,16.51,7.11,24.16
2017-01-10,6.8,30.89,16.65,7.14,24.01
2017-01-11,6.87,30.65,16.53,7.13,23.86
2017-01-12,6.79,29.76,16.46,7.1,23.95
2017-01-13,6.84,29.87,16.6,7.19,24.15
2017-01-16,6.96,29.99,16.88,7.36,24.65
2017-01-17,6.84,30.06,16.86,7.26,24.76
2017-01-18,7.0,30.18,17.05,7.23,24.99
2017-01-19,6.99,30.02,16.99,7.19,25.19
2017-01-20,6.93,30.29,17.1,7.24,25.2
2017-01-23,6.8,30.39,17.14,7.24,24.94
2017-02-27,7.31,30.56,16.88,7.59,25.48
2017-02-28,7.09,30.54,16.94,7.73,25.78
2017-03-01,7.08,30.59,16.88,7.71,25.8
2017-03-02,7.0,30.56,16.79,7.84,25.73
2017-03-03,6.85,30.57,16.67,7.9,25.73
2017-03-06,6.88,30.7,16.86,7.8,25.41
2017-03-07,6.82,30.83,16.86,7.73,25.3
2017-03-08,6.68,31.02,16.81,7.78,25.2
2017-03-09,6.65,30.7,16.6,7.76,24.8
2017-03-10,6.8,31.15,16.4,7.66,25.14
2017-03-13,6.83,31.62,16.51,7.75,24.85
2017-03-14,6.9,31.49,16.48,7.69,25.07
2017-03-15,6.88,31.55,16.78,7.72,25.06
2017-03-16,6.91,31.52,16.81,7.71,25.0
2017-03-17,6.72,31.03,16.69,7.56,24.37
2017-03-20,6.73,31.62,18.36,7.58,24.28
2017-03-21,6.68,32.36,19.89,7.75,24.67
2017-03-22,6.51,33.05,19.49,7.5,24.44
2017-03-23,6.46,32.81,19.34,7.27,24.97
2017-03-24,6.57,32.69,19.29,7.25,25.24
2017-03-27,6.49,32.45,19.08,7.15,25.07
2017-03-28,6.49,31.78,19.06,7.15,24.68
2017-03-29,6.53,31.66,19.15,7.09,24.65
2017-03-30,6.44,31.32,19.19,7.17,24.73
2017-03-31,6.51,31.61,19.36,7.17,25.38
2017-04-05,6.73,31.66,19.35,7.28,25.38
2017-04-06,6.74,31.79,19.17,7.31,25.77
2017-04-07,6.69,31.59,19.29,7.38,25.68
2017-04-10,6.71,31.1,19.61,7.44,25.4
2017-04-11,6.61,31.02,19.45,7.54,25.52
2017-04-12,6.55,31.23,19.25,7.43,25.62
2017-04-13,6.54,31.32,19.29,7.61,25.45
2017-04-14,6.55,31.12,19.24,7.58,25.42
2017-04-17,6.5,31.48,19.3,7.47,25.58
2017-04-18,6.4,31.78,19.22,7.59,26.01
2017-04-19,6.19,31.96,18.99,7.58,26.11
2017-04-20,6.22,32.68,18.98,7.38,27.15
2017-04-21,6.25,32.54,19.16,7.69,27.2
2017-04-24,6.05,32.1,19.3,7.54,27.23
2017-04-25,6.09,31.49,19.21,7.77,27.28
2017-04-26,6.16,31.71,19.15,7.8,27.73
2017-04-27,6.14,31.25,19.31,7.82,28.05
2017-04-28,6.24,31.03,19.47,7.8,27.25
2017-05-02,6.28,30.99,19.8,7.62,27.23
2017-05-03,6.22,30.94,20.07,7.47,27.83
2017-05-04,6.15,31.0,19.89,7.56,27.87
2017-05-05,6.05,31.07,19.78,7.56,27.98
2017-05-08,6.0,31.17,19.88,7.45,28.08
2017-05-09,5.97,30.81,19.74,7.93,27.19
2017-05-10,5.92,30.81,19.73,7.74,27.2
2017-05-11,5.87,30.92,19.78,7.79,27.55
2017-05-12,5.85,30.96,19.71,7.76,28.02
2017-05-15,5.9,31.51,20.27,7.88,27.97
2017-05-16,5.94,31.59,20.21,7.89,28.28
2017-05-17,5.96,31.13,20.05,7.89,28.17
2017-05-18,5.95,31.32,19.86,7.67,28.07
2017-05-19,5.99,31.69,19.98,7.79,28.48
2017-05-22,6.15,31.94,20.15,7.8,28.79
2017-05-23,6.28,32.45,20.97,7.66,29.23
2017-05-24,6.22,32.07,21.09,7.79,29.4
2017-05-25,6.41,32.16,21.44,7.85,29.34
2017-05-26,6.47,32.04,21.55,7.95,29.62
2017-05-31,6.34,32.29,21.42,7.79,30.07
2017-06-01,6.31,32.58,21.72,7.9,30.52
2017-06-02,6.36,32.4,22.29,8.01,30.29
2017-09-01,8.57,32.05,21.25,7.19,29.55
2017-09-04,8.64,31.99,22.54,7.12,29.6
2017-09-05,8.39,32.03,21.42,7.05,29.52
2017-09-06,8.39,32.12,21.44,7.05,29.24
2017-09-07,8.16,31.96,20.73,7.02,29.27
2017-09-08,8.02,31.92,20.99,7.01,29.22
2017-09-11,7.98,31.74,20.84,7.05,29.41
2017-09-12,8.04,31.34,21.57,6.97,29.87
2017-09-13,8.05,31.38,21.75,6.97,29.44
2017-09-14,7.76,31.67,21.18,6.97,29.05
2017-09-15,7.4,31.6,20.49,6.92,29.06
2017-09-18,7.37,31.7,20.4,6.97,29.6
2017-09-19,7.36,31.46,20.38,6.97,29.28
2017-09-20,7.43,31.53,20.52,7.0,29.23
2017-09-21,7.32,31.33,20.46,6.97,29.52
2017-09-22,7.17,31.32,20.62,6.93,30.31
2017-09-25,7.13,32.03,20.78,6.9,30.5
2017-09-26,7.27,31.85,21.23,6.9,30.46
2017-09-27,7.46,31.88,21.28,6.91,30.43
2017-09-28,7.34,32.08,21.24,6.9,30.42
2017-09-29,7.39,32.41,20.94,6.94,30.19
2017-10-09,7.46,32.43,20.69,6.96,31.27
2017-10-10,7.34,32.87,20.48,6.98,30.49
2017-10-11,7.28,32.73,20.57,6.98,31.74
2017-10-12,7.37,32.49,20.26,6.91,32.11
2017-10-13,7.53,32.58,20.43,6.92,31.97
2017-10-16,7.61,32.87,20.45,6.86,32.01
2017-10-17,7.48,32.9,20.25,6.86,31.51
2017-10-18,7.4,33.67,20.54,6.86,32.67
2017-10-19,7.45,33.56,20.69,6.74,32.98
2017-10-20,7.55,33.35,20.51,6.79,32.57
2017-10-23,7.52,33.96,20.36,6.84,32.39
2017-10-24,7.65,34.14,20.58,6.82,32.8
2017-10-25,7.71,34.07,20.71,6.86,32.86
2017-10-26,7.86,33.55,20.64,6.87,32.29
2017-10-27,7.7,34.19,20.71,6.86,32.43
2017-10-30,7.71,34.38,20.6,6.79,32.84
2017-10-31,7.67,33.67,20.77,6.73,31.49
2017-11-01,7.85,33.32,20.42,6.74,30.73
2017-11-02,7.88,33.08,20.47,6.74,30.76
2017-11-03,7.87,33.16,20.56,6.67,30.89
2017-11-06,8.11,34.75,20.39,6.6,30.92
2017-11-07,8.22,34.61,20.44,6.59,31.36
2017-11-08,8.22,34.61,20.53,6.91,31.37
2017-11-09,8.29,34.12,22.05,6.86,31.44
2017-11-10,8.34,34.25,21.6,6.74,32.45
2017-11-13,8.66,34.6,22.34,6.69,32.5
2017-11-14,8.83,33.73,23.53,6.72,32.71
2017-11-15,8.75,33.71,23.91,6.66,32.51
2017-11-16,8.63,34.2,23.57,6.64,32.22
2017-11-17,8.84,34.42,23.37,6.55,33.22
2017-11-20,8.67,34.67,23.69,6.58,33.1
2017-11-21,8.93,35.49,23.19,6.52,33.14
2017-11-22,9.09,35.27,24.4,6.46,34.18
2017-11-23,8.88,33.75,23.61,6.47,32.33
2017-11-24,8.9,33.26,23.05,6.4,31.9
2017-11-27,8.91,33.32,23.08,6.39,31.75
2017-11-28,9.12,33.37,23.33,6.33,31.6
2017-11-29,9.42,32.38,23.91,6.35,31.02
2017-11-30,9.38,32.28,23.8,6.33,30.88
2017-12-01,9.11,32.39,23.0,6.34,30.92
2017-12-04,9.0,32.44,22.81,6.42,30.98
2017-12-05,9.0,33.11,23.32,6.44,31.86
2017-12-06,8.5,33.12,22.73,6.49,31.47
2017-12-07,8.26,32.81,22.02,6.56,31.39
2017-12-08,8.4,32.72,21.87,6.53,31.24
2017-12-11,8.52,33.03,22.4,6.53,32.02
2017-12-12,8.36,32.43,21.81,6.47,31.39
2017-12-13,8.47,32.58,22.18,6.45,31.71
2017-12-14,8.47,32.28,22.08,6.44,31.11
2017-12-15,8.22,32.17,21.8,6.56,31.11
2017-12-18,8.4,32.12,22.48,6.59,31.2
2017-12-19,8.5,32.33,22.46,6.56,31.36
2017-12-20,8.24,32.44,22.56,6.56,31.51
2017-12-21,8.41,32.63,22.7,6.47,31.61
2017-12-22,8.43,32.21,23.13,6.41,31.59
2017-12-25,8.33,32.27,23.11,6.39,31.89
2017-12-26,8.35,32.34,22.9,6.35,31.71
2017-12-27,8.37,31.99,23.1,6.27,31.16
2017-12-28,8.65,31.92,23.37,6.2,31.2
2017-12-29,8.64,32.24,23.17,6.17,32.04
2018-01-02,8.96,32.47,23.81,6.27,31.77
2018-01-03,8.93,32.6,23.31,6.32,31.53
2018-01-04,8.94,32.52,23.09,6.29,31.63
2018-01-05,8.87,33.13,23.66,6.31,31.92
2018-01-08,9.29,33.43,25.08,6.33,32.41
2018-01-09,9.1,33.48,24.79,6.28,32.44
2018-01-10,9.05,33.3,24.91,6.2,33.87
2018-01-11,8.83,33.47,24.28,6.2,33.83
2018-01-12,9.09,33.18,24.36,6.27,33.91
2018-01-15,8.82,32.48,23.52,6.14,33.5
2018-01-16,8.87,33.5,23.23,6.13,32.32
2018-01-17,8.95,33.85,23.53,6.16,32.53
2018-01-18,9.22,34.12,23.52,6.13,32.53
2018-01-19,9.31,33.91,24.16,6.32,32.83
2018-01-22,9.32,34.53,24.44,6.3,33.75
2018-01-23,9.24,34.68,24.97,6.3,33.97
2018-01-24,9.3,34.65,24.79,6.35,33.96
2018-01-25,9.74,34.2,25.15,6.36,34.88
2018-01-26,9.71,35.07,25.3,6.34,34.98
2018-01-29,10.01,33.91,26.13,6.48,34.46
2018-01-30,9.77,33.91,25.9,6.6,34.42
2018-01-31,9.98,33.9,26.39,6.31,34.39
2018-02-01,10.28,33.63,26.83,6.09,34.87
2018-02-02,11.1,33.55,28.65,6.09,34.7
2018-02-05,11.23,32.75,28.69,6.09,34.15
2018-02-06,11.07,32.75,27.9,6.03,34.15
2018-02-07,10.65,32.56,26.9,6.09,34.03
2018-02-08,10.14,32.67,25.45,6.06,32.83
2018-02-09,10.0,31.94,24.29,5.82,32.01
2018-02-12,9.99,31.98,23.91,5.92,32.32
2018-02-13,9.99,32.11,24.45,6.07,32.92
2018-02-14,10.28,31.99,24.69,6.02,33.21
2018-02-22,10.42,32.72,25.37,6.03,34.02
2018-02-23,10.5,32.78,25.62,6.04,34.07
2018-02-26,10.62,32.89,25.83,6.1,34.48
2018-02-27,10.14,32.8,24.51,6.19,34.39
2018-02-28,10.04,32.4,24.16,6.19,33.64
2018-03-01,10.0,32.36,23.84,6.26,33.93
2018-03-02,9.61,32.04,23.36,6.5,35.02
2018-03-05,9.51,32.15,23.48,6.49,35.19
2018-03-06,9.64,32.67,23.93,6.63,35.08
2018-03-07,9.42,32.67,23.53,6.62,35.96
2018-03-08,9.38,33.6,23.3,7.02,35.83
2018-03-09,9.1,33.64,23.21,7.0,36.27
2018-03-12,9.21,33.66,23.25,6.99,37.14
2018-03-13,9.23,33.31,23.37,6.94,36.92
2018-03-14,9.53,32.89,23.49,6.99,36.87
2018-03-15,9.54,33.09,23.58,6.97,36.77
2018-03-16,9.41,33.5,23.22,6.71,36.83
2018-03-19,9.12,34.1,21.98,6.88,37.32
2018-03-20,9.17,34.31,22.23,6.97,36.93
2018-03-21,9.16,33.95,22.23,6.85,36.18
2018-03-22,9.05,33.83,22.22,6.73,35.95
2018-03-23,8.68,33.39,22.18,6.89,35.55
2018-03-26,8.33,34.03,21.06,6.78,34.09
2018-03-27,8.4,34.22,21.24,6.69,33.55
2018-03-28,8.35,33.79,20.74,6.88,32.54
2018-03-29,8.64,33.68,21.13,6.82,32.94
2018-03-30,8.52,34.66,20.85,6.87,34.01
2018-04-02,8.56,34.09,20.84,6.7,33.99
2018-04-03,8.37,35.58,20.29,6.39,33.11
2018-04-04,8.23,37.41,20.16,6.33,33.9
2018-04-09,8.56,37.16,20.29,6.3,34.05
2018-04-10,8.88,37.36,20.99,6.22,33.97
2018-04-11,8.78,37.5,20.97,6.38,33.05
2018-04-12,8.72,37.53,20.65,6.29,32.95
2018-04-13,8.75,36.73,20.59,6.34,32.96
2018-04-16,8.5,37.11,19.91,6.29,32.48
2018-04-17,8.45,36.99,19.56,6.34,31.37
2018-04-18,8.74,35.43,19.82,6.22,31.35
2018-04-19,9.12,35.06,20.62,6.21,31.95
2018-04-20,9.09,35.06,20.55,6.09,31.89
2018-04-23,9.13,33.4,20.59,5.99,31.43
2018-04-24,9.25,33.7,21.13,6.05,31.96
2018-04-25,9.21,34.32,20.71,6.18,31.91
2018-04-26,9.19,34.33,20.69,6.14,31.57
2018-04-27,9.24,35.47,20.94,6.26,31.93
2018-05-02,8.79,35.31,20.26,6.29,32.75
2018-05-03,8.94,35.38,20.45,6.36,33.12
2018-05-04,9.0,36.14,20.31,6.53,32.67
2018-05-07,9.05,37.16,20.88,6.53,33.1
2018-05-08,9.07,38.2,21.14,6.44,34.06
2018-05-09,8.9,38.43,21.21,6.36,34.39
2018-05-10,8.93,38.83,21.5,6.41,34.8
2018-05-11,9.01,38.31,21.42,6.31,34.61
2018-05-14,9.14,37.92,21.5,6.27,35.2
2018-05-15,8.98,40.71,21.25,6.48,35.01
2018-05-16,8.86,40.78,21.16,6.62,34.48
2018-05-17,8.71,39.91,21.28,6.43,34.49
2018-05-18,8.78,40.82,22.32,6.38,34.95
2018-05-21,8.78,40.41,22.07,6.5,34.5
2018-05-22,8.63,40.8,21.87,6.42,34.77
2018-05-23,8.45,40.33,20.34,6.89,34.86
2018-05-24,8.46,39.92,20.41,6.88,34.12
2018-05-25,8.46,41.11,20.52,6.89,34.62
2018-05-28,8.42,42.47,20.53,6.7,35.32
2018-05-29,8.57,40.0,20.68,6.94,35.67
2018-05-30,8.25,39.28,20.05,6.86,35.25
2018-05-31,8.42,40.52,20.4,7.03,36.25
2018-06-01,8.53,38.71,20.67,6.97,35.67
2018-06-04,8.77,38.41,20.94,6.95,36.2
2018-06-05,8.78,39.47,20.8,6.86,36.24
2018-06-06,8.9,39.35,21.01,6.77,35.99
2018-06-07,9.19,38.3,21.29,6.59,35.59
2018-06-08,8.71,38.42,20.9,6.45,36.04
2018-06-11,8.82,37.41,20.67,6.5,36.39
2018-06-12,8.93,38.33,21.13,6.62,36.72
2018-06-13,8.92,38.2,20.93,6.59,36.65
2018-06-14,8.91,37.64,20.97,6.52,36.72
2018-06-15,8.97,36.69,21.19,6.57,36.53
2018-06-19,8.58,36.81,21.41,6.27,36.8
2018-06-20,8.66,37.33,21.02,6.23,35.93
2018-06-21,8.69,37.2,21.19,6.08,35.82
2018-06-22,8.69,37.32,21.03,6.09,35.26
2018-06-25,8.46,37.16,20.45,6.15,35.15
2018-06-26,8.09,36.62,20.02,6.22,35.15
2018-06-27,7.73,35.21,19.94,6.25,35.24
2018-06-28,7.66,34.45,19.68,6.26,33.95
2018-06-29,7.79,35.28,19.94,6.36,34.99
2018-07-02,7.34,35.11,19.05,6.51,33.44
2018-07-03,7.25,34.46,18.78,6.84,32.83
2018-07-04,7.27,33.86,18.83,6.73,32.83
2018-07-05,7.08,33.93,19.12,6.73,33.33
2018-07-06,7.2,33.95,19.3,6.7,33.72
2018-07-09,7.49,35.13,18.56,6.86,34.48
2018-07-10,7.61,35.2,18.25,6.99,34.64
2018-07-11,7.42,34.82,17.54,6.98,34.68
2018-07-12,7.61,35.57,17.81,7.04,34.39
2018-07-13,7.64,36.28,17.55,6.97,35.03
2018-07-16,7.51,36.35,17.68,6.92,35.05
2018-07-17,7.35,35.75,17.34,6.94,32.68
2018-07-18,7.38,35.76,17.21,7.38,32.61
2018-07-19,7.73,35.45,17.19,7.5,31.8
2018-07-20,7.9,36.04,17.33,7.84,32.4
2018-07-23,8.18,35.01,17.93,7.89,32.6
2018-07-24,8.54,34.76,18.64,7.54,32.57
2018-07-25,8.62,35.0,18.46,7.58,32.74
2018-07-26,8.39,34.8,18.3,7.54,32.14
2018-07-27,8.52,34.47,18.39,7.5,31.18
2018-07-30,8.77,33.68,18.42,7.7,31.68
2018-07-31,8.69,33.8,18.39,7.56,31.88
2018-08-01,8.36,33.67,17.91,7.61,31.37
2018-08-02,8.28,32.98,17.57,7.95,30.36
2018-08-03,8.29,31.77,17.6,7.56,29.07
2018-08-06,8.18,31.45,17.4,7.41,29.35
2018-08-07,8.56,32.17,18.13,7.35,30.02
2018-08-08,8.66,30.68,18.2,7.11,29.04
2018-08-09,8.67,31.35,18.29,7.43,30.0
2018-08-10,8.59,32.02,18.12,6.94,29.99
2018-08-13,8.71,32.19,17.9,7.09,29.62
2018-08-14,8.46,31.97,17.9,7.09,29.89
2018-08-15,8.23,31.1,17.33,6.85,29.17
2018-08-16,8.08,31.12,17.27,6.91,28.34
2018-08-17,8.1,30.28,17.21,7.02,28.03
2018-08-20,8.35,29.55,17.55,7.24,28.1
2018-08-21,8.35,30.27,17.66,7.22,28.45
2018-08-22,8.33,30.32,17.69,6.92,28.55
2018-08-23,8.12,30.49,17.56,7.27,28.27
2018-08-24,8.07,31.23,17.44,7.2,28.37
2018-08-27,8.19,31.98,18.02,7.4,29.15
2018-08-28,8.18,32.08,18.19,7.31,28.87
2018-08-29,8.06,32.06,18.37,7.19,28.5
2018-08-30,7.93,31.37,18.46,7.31,28.62
2018-08-31,7.88,31.98,18.49,7.02,29.15
2018-09-03,7.69,31.72,18.28,7.28,29.06
2018-09-04,7.78,31.3,18.5,7.31,29.05
2018-09-05,7.55,31.54,17.96,7.25,28.08
2018-09-06,7.44,30.32,18.02,7.21,28.28
2018-09-07,7.56,30.4,18.89,7.08,28.41
2018-09-10,7.61,30.17,18.58,7.03,28.45
2018-09-11,7.17,30.0,18.2,7.22,28.28
2018-09-12,7.2,29.9,18.16,7.29,28.23
2018-09-13,7.24,29.38,18.35,7.43,28.8
2018-09-14,7.34,29.42,18.51,7.52,29.35
2018-09-17,7.23,29.41,18.13,7.56,29.32
2018-09-18,7.59,30.03,18.58,7.63,29.57
2018-09-19,7.67,30.46,18.92,7.57,29.85
2018-09-20,7.7,30.3,18.68,7.58,29.67
2018-09-21,7.95,30.9,19.87,7.54,31.28
2018-09-25,7.79,30.63,19.6,7.73,31.42
2018-09-26,7.88,31.39,19.9,7.54,31.7
2018-09-27,7.91,31.5,20.28,7.78,31.31
2018-09-28,7.85,31.75,20.39,7.71,33.28
2018-10-08,7.37,30.25,19.94,7.34,30.01
2018-10-09,7.38,30.65,20.48,7.2,30.05
2018-10-10,7.48,30.8,21.05,7.19,29.35
2018-10-11,7.18,29.09,20.05,6.87,28.46
2018-10-12,7.48,29.63,20.6,6.82,28.39
2018-10-15,7.3,29.38,19.99,6.65,27.0
2018-10-16,7.25,28.14,19.99,6.7,27.15
2018-10-17,7.41,28.3,20.26,6.79,27.72
2018-10-18,7.19,27.9,19.05,6.6,27.51
2018-10-19,7.42,28.75,19.59,6.62,28.16
2018-10-22,7.76,30.2,20.19,6.79,28.86
2018-10-23,7.42,29.69,20.0,6.17,27.78
2018-10-24,7.46,29.34,20.27,6.15,27.63
2018-10-25,7.56,29.66,19.91,5.98,27.43
2018-10-26,7.58,29.48,20.37,5.97,27.52
2018-10-29,7.39,27.98,19.71,6.06,27.09
2018-10-30,7.51,28.16,19.48,6.27,27.42
2018-10-31,7.65,28.43,20.04,6.46,27.11
2018-11-01,7.57,28.36,19.94,6.46,27.43
2018-11-02,7.74,29.64,20.22,6.6,28.1
2018-11-05,7.66,29.44,20.11,6.68,27.7
2018-11-06,7.62,29.67,20.39,6.7,27.55
2018-11-07,7.55,29.59,20.41,6.67,27.02
2018-11-08,7.56,29.52,20.78,6.74,27.2
2018-11-09,7.47,29.33,20.48,6.61,27.22
2018-11-12,7.49,29.56,20.0,6.93,27.35
2018-11-13,7.48,29.73,19.82,6.95,27.47
2018-11-14,7.43,29.8,19.51,6.89,26.99
2018-11-15,7.48,30.08,19.78,6.87,26.7
2018-11-16,7.43,30.19,19.71,6.77,26.1
2018-11-19,7.45,30.62,20.02,6.93,25.75
2018-11-20,7.3,29.8,19.57,6.7,25.68
2018-11-21,7.43,29.72,19.51,6.92,25.42
2018-11-22,7.27,30.17,19.25,6.8,25.77
2018-11-23,7.11,29.44,18.93,6.72,25.12
2018-11-26,6.94,29.3,18.84,6.55,24.75
2018-11-27,6.84,29.34,18.44,6.77,24.58
2018-11-28,6.85,29.15,18.76,6.75,24.93
2018-11-29,6.7,29.0,18.53,6.75,24.93
2018-11-30,6.72,29.09,18.76,6.9,24.85
2018-12-03,6.84,29.81,19.09,7.13,25.38
2018-12-04,7.0,29.85,19.21,7.26,25.1
2018-12-05,6.94,29.81,19.2,7.27,24.99
2018-12-06,6.88,28.83,18.67,7.16,24.7
2018-12-07,6.92,29.02,19.08,7.36,24.72
2018-12-10,6.9,28.8,19.08,7.22,24.3
2018-12-11,6.89,29.15,19.08,7.24,24.46
2018-12-12,6.83,29.24,19.24,7.35,24.73
2018-12-13,6.91,30.04,19.36,7.55,24.8
2018-12-14,6.77,30.01,19.34,7.42,24.73
2018-12-17,6.8,29.31,19.47,7.23,25.11
2018-12-18,6.71,28.99,19.08,7.25,25.0
2018-12-19,6.65,27.8,19.1,7.27,25.5
2018-12-20,6.58,26.51,19.33,7.48,25.38
2018-12-21,6.62,26.83,18.91,7.41,25.6
2018-12-24,6.62,27.29,18.9,7.33,25.86
2018-12-25,6.39,27.0,18.43,7.3,26.24
2018-12-26,6.33,27.2,17.94,7.31,26.75
2018-12-27,6.43,27.3,17.95,7.36,27.16
2018-12-28,6.5,27.5,17.96,7.38,26.67
2019-01-02,6.35,26.65,17.77,7.19,25.24
2019-01-03,6.43,26.55,17.69,7.0,24.78
2019-01-04,6.51,26.82,18.07,7.1,24.75
2019-01-07,6.57,26.64,18.05,7.08,24.6
2019-01-08,6.64,26.33,18.42,7.16,24.3
2019-01-09,6.73,26.74,18.47,7.0,25.2
2019-01-10,6.68,26.73,18.46,6.81,24.84
2019-01-11,6.74,26.96,18.51,6.97,25.17
2019-01-14,6.75,26.55,18.62,6.86,24.87
2019-01-15,6.79,26.68,18.67,6.95,25.14
2019-01-16,6.81,26.97,18.6,7.04,25.45
2019-01-17,6.77,26.41,18.45,7.01,25.03
2019-01-18,6.93,26.61,19.01,6.91,25.39
2019-01-21,7.07,27.08,19.55,7.06,26.13
2019-01-22,6.95,26.85,19.26,6.91,25.41
2019-01-23,6.88,26.91,19.44,6.98,25.3
2019-01-24,6.87,26.69,19.39,6.94,25.7
2019-01-25,6.95,26.75,19.47,6.68,26.23
2019-01-28,6.85,26.61,19.82,6.8,26.09
2019-01-29,6.97,26.6,19.92,6.84,26.18
2019-01-30,6.94,26.47,19.63,6.47,26.01
2019-01-31,7.01,26.38,19.83,6.42,26.6
2019-02-01,7.07,26.95,20.01,6.45,26.65
2019-02-11,7.09,27.42,19.99,6.66,26.99
2019-02-12,7.06,28.15,20.09,6.73,26.8
2019-02-13,7.17,28.6,20.11,6.85,27.77
2019-02-14,7.18,28.86,20.02,6.69,27.6
2019-02-15,7.02,28.76,19.65,6.9,26.23
2019-02-18,7.13,29.29,19.99,7.03,27.3
2019-02-19,7.14,28.96,19.74,6.96,27.62
2019-02-20,7.18,28.31,20.02,7.09,28.22
2019-02-21,7.11,28.31,19.86,6.92,28.63
2019-02-22,7.15,28.02,19.61,6.8,28.41
2019-02-25,7.57,29.56,20.6,6.97,29.31
2019-02-26,7.64,29.41,20.81,7.02,28.45
2019-02-27,7.53,29.15,20.61,6.9,28.29
2019-02-28,7.5,29.24,20.44,6.89,28.32
2019-03-01,7.61,29.33,20.83,6.76,28.68
2019-03-04,7.7,29.59,21.07,7.09,28.54
2019-03-05,7.71,30.63,21.1,7.31,28.12
2019-03-06,7.82,30.56,21.22,7.25,27.77
2019-03-07,7.78,30.5,20.91,7.16,27.01
2019-03-08,7.38,30.0,20.02,6.96,26.49
2019-03-11,7.41,30.34,20.11,7.0,26.68
2019-03-12,7.48,30.91,20.12,7.09,26.74
2019-03-13,7.39,30.17,19.97,6.8,25.56
2019-03-14,7.3,30.25,19.85,6.7,25.76
2019-03-15,7.32,30.32,19.98,6.66,25.78
2019-03-18,7.57,31.01,20.7,6.74,26.35
2019-03-19,7.51,30.89,20.51,6.78,26.6
2019-03-20,7.45,30.27,20.5,6.55,26.38
2019-03-21,7.42,30.47,20.68,6.59,26.17
2019-03-22,7.41,30.07,21.13,6.59,26.24
2019-03-25,7.2,29.41,19.97,6.49,25.58
2019-03-26,7.1,29.51,19.42,6.56,25.72
2019-03-27,7.13,29.66,19.46,6.64,25.39
2019-03-28,7.08,29.15,19.23,6.53,25.36
2019-03-29,7.23,29.93,19.61,6.56,26.07
2019-04-01,7.54,30.8,20.15,6.67,26.59
2019-04-02,7.58,30.65,19.97,6.64,26.42
2019-04-03,7.78,30.87,20.16,6.63,27.17
2019-04-04,7.76,30.7,20.48,6.67,28.61
2019-04-08,7.98,31.2,20.53,6.61,28.08
2019-04-09,7.84,32.67,20.22,6.57,28.58
2019-04-10,7.81,33.14,20.24,6.5,29.23
2019-04-11,7.68,32.4,19.88,6.5,28.98
2019-04-12,7.57,31.8,19.92,6.66,28.3
2019-04-15,7.52,31.62,20.01,6.58,28.06
2019-04-16,7.67,33.0,20.4,6.63,28.52
2019-04-17,7.66,32.79,20.28,6.62,30.22
2019-04-18,7.72,32.79,20.2,6.64,29.54
2019-04-19,7.74,32.49,20.49,6.71,29.63
2019-04-22,7.58,32.61,20.01,6.62,28.42
2019-04-23,7.55,32.11,19.89,6.59,28.41
2019-04-24,7.56,32.14,19.9,6.62,28.42
2019-04-25,7.23,31.59,19.54,6.67,27.39
2019-04-26,7.19,30.68,19.37,6.48,26.58
2019-04-29,7.16,31.05,19.52,6.52,26.72
2019-04-30,7.17,31.17,19.69,6.75,27.38
2019-05-06,6.9,29.77,18.89,6.71,26.12
2019-05-07,6.87,29.69,18.9,6.87,26.17
2019-05-08,6.74,29.5,18.54,6.74,25.93
2019-05-09,6.68,29.11,18.36,6.75,25.55
2019-05-10,6.87,29.66,18.61,6.8,26.33
2019-05-13,6.76,29.51,18.54,6.58,25.52
2019-05-14,6.67,29.18,18.41,6.54,25.26
2019-05-15,6.8,29.86,18.6,6.57,25.71
2019-05-16,6.84,30.35,18.77,6.45,26.03
2019-05-17,6.76,29.86,18.47,6.14,25.48
2019-05-20,6.75,29.59,18.28,6.17,24.88
2019-05-21,6.76,29.87,18.43,6.2,24.96
2019-05-22,6.66,29.87,18.38,6.16,24.49
2019-05-23,6.62,29.48,18.21,6.09,23.34
2019-05-24,6.66,29.5,18.35,6.17,23.47
2019-05-27,6.75,29.66,18.44,6.26,23.72
2019-05-28,7.0,29.86,18.58,6.28,24.78
2019-05-29,6.94,29.59,18.48,6.34,24.29
2019-05-30,6.92,29.35,18.66,6.36,24.05
2019-05-31,6.3,29.22,18.39,6.5,23.95
2019-06-03,6.38,29.34,18.56,6.59,24.4
2019-06-04,6.35,28.13,18.7,6.59,24.67
2019-06-05,6.34,28.1,18.91,6.6,24.52
2019-06-06,6.3,28.02,18.86,6.66,24.56
2019-06-10,6.35,27.7,19.15,6.59,24.28
2019-06-11,6.47,28.5,19.35,6.61,24.55
2019-06-12,6.4,28.48,19.45,6.64,24.74
2019-06-13,6.39,28.44,19.51,6.65,24.58
2019-06-14,6.38,28.41,19.7,6.64,24.3
2019-06-17,6.42,28.67,20.08,6.69,24.36
2019-06-18,6.42,28.42,20.13,6.63,24.1
2019-06-19,6.46,28.62,20.01,6.65,24.42
2019-06-20,6.51,28.95,20.12,6.69,24.99
2019-06-21,6.54,28.94,20.03,6.66,25.26
2019-06-24,6.66,28.86,20.35,6.53,25.4
2019-06-25,6.57,28.51,20.31,6.42,25.28
2019-06-26,6.52,28.91,20.32,6.47,25.6
2019-06-27,6.54,29.11,20.36,6.37,25.54
2019-06-28,6.5,29.0,20.38,6.23,25.5
2019-07-01,6.6,29.65,20.4,6.26,26.05
2019-07-02,6.64,30.88,20.62,6.25,26.78
2019-07-03,6.61,30.92,20.67,6.32,26.8
2019-07-04,6.61,30.96,20.53,6.3,26.85
2019-07-05,6.59,31.03,20.61,6.32,26.97
2019-07-08,6.44,30.16,19.07,6.24,26.19
2019-07-09,6.42,30.24,18.99,6.28,26.23
2019-07-10,6.35,29.97,19.07,6.25,25.69
2019-07-11,6.34,29.95,19.03,6.21,25.53
2019-07-12,6.33,30.02,19.03,6.28,23.9
2019-07-15,6.25,29.79,18.9,6.29,24.19
2019-07-16,6.25,29.32,19.07,6.37,23.96
2019-07-17,6.25,29.11,18.98,6.27,24.09
2019-07-18,6.22,28.96,18.96,6.26,23.66
2019-07-19,6.27,28.87,19.23,6.34,23.71
2019-07-22,6.19,28.3,19.11,6.29,23.39
2019-07-23,6.26,28.31,18.96,6.43,23.89
2019-07-24,6.31,28.64,19.1,6.42,24.69
2019-07-25,6.29,28.59,19.19,6.4,24.35
2019-07-26,6.29,28.33,19.13,6.42,24.35
2019-07-29,6.32,27.77,19.02,6.54,24.67
2019-07-30,6.38,28.29,19.28,6.51,24.9
2019-07-31,6.38,28.36,19.21,6.52,24.84
2019-08-01,6.26,28.04,19.06,6.77,24.59
2019-08-02,6.18,27.7,18.63,6.81,24.18
2019-08-05,6.04,27.53,18.14,6.73,23.61
2019-08-06,5.91,27.16,17.95,6.8,23.82
2019-08-07,5.86,27.51,18.0,6.74,23.62
2019-08-08,5.9,27.47,18.12,6.71,24.38
2019-08-09,5.89,27.36,18.06,6.56,24.38
2019-08-12,5.92,27.4,18.41,6.65,24.31
2019-08-13,5.87,27.09,18.3,6.83,23.93
2019-08-14,5.89,27.5,18.4,6.86,24.4
2019-08-15,5.85,27.61,18.5,6.93,24.65
2019-08-16,5.84,27.78,18.54,6.83,24.54
2019-08-19,5.93,28.2,18.89,6.83,24.5
2019-08-20,5.92,28.17,18.88,6.79,24.26
2019-08-21,5.91,28.09,18.95,6.73,24.09
2019-08-22,5.89,28.1,18.59,6.7,24.27
2019-08-23,5.92,28.75,18.78,6.66,24.6
2019-08-26,5.85,28.79,18.69,6.46,24.03
2019-08-27,5.95,28.63,18.8,6.47,24.96
2019-08-28,5.89,28.26,18.83,6.33,25.08
2019-08-29,5.86,28.28,18.55,6.29,24.72
2019-08-30,5.81,27.8,18.69,6.3,25.08
2019-09-02,5.87,27.87,19.37,6.39,24.94
2019-09-03,5.89,27.85,19.38,6.32,24.61
2019-09-04,6.1,27.88,19.59,6.37,24.63
2019-09-05,6.07,28.23,19.42,6.41,25.26
2019-09-06,6.06,28.19,19.64,6.36,25.94
2019-09-09,6.11,28.26,19.6,6.39,26.08
2019-09-10,6.11,28.51,19.56,6.37,25.5
2019-09-11,6.14,28.19,19.53,6.36,25.34
2019-09-12,6.25,28.3,19.61,6.37,25.14
2019-09-16,6.3,28.0,19.72,6.34,25.01
2019-09-17,6.21,27.69,19.72,6.22,24.7
2019-09-18,6.14,27.68,19.55,6.22,24.77
2019-09-19,6.18,27.59,19.48,6.15,24.78
2019-09-20,6.17,27.56,19.6,6.1,24.66
2019-09-23,6.12,27.39,19.22,6.06,24.27
2019-09-24,6.07,27.72,19.4,6.06,24.2
2019-09-25,6.01,27.12,19.2,5.97,23.67
2019-09-26,6.03,27.0,19.3,5.96,23.8
2019-09-27,5.92,27.02,18.69,5.9,23.7
2019-09-30,5.91,26.9,18.78,5.8,23.78
2019-10-08,5.9,26.93,18.65,5.82,23.7
2019-10-09,5.89,26.7,18.9,5.8,23.44
2019-10-10,5.92,26.8,18.81,5.86,23.91
2019-10-11,5.96,26.81,18.92,5.86,23.93
2019-10-14,6.0,27.39,18.94,5.85,24.39
2019-10-15,5.97,27.46,18.68,5.84,23.93
2019-10-16,5.95,27.19,18.6,5.82,24.15
2019-10-17,5.93,27.24,18.38,5.88,23.78
2019-10-18,5.88,27.05,18.18,5.79,23.45
2019-10-21,5.82,26.85,18.27,5.77,23.16
2019-10-22,5.82,26.93,18.12,5.75,23.26
2019-10-23,5.77,26.78,18.04,6.03,23.2
2019-10-24,5.81,26.74,18.3,5.85,23.19
2019-10-25,5.82,27.22,18.13,5.79,23.07
2019-10-28,5.92,27.61,18.26,5.81,23.68
2019-10-29,5.89,27.59,18.41,5.77,23.52
2019-10-30,5.85,27.36,18.43,5.71,23.3
2019-10-31,5.8,27.5,18.44,5.7,23.5
2019-11-01,5.8,27.12,18.38,5.72,23.85
2019-11-04,5.72,27.27,18.26,5.72,23.86
2019-11-05,5.7,27.46,18.3,5.71,23.79
2019-11-06,5.7,27.37,18.18,5.78,23.72
2019-11-07,5.67,27.65,18.06,5.81,24.1
2019-11-08,5.61,27.34,18.04,5.74,23.75
2019-11-11,5.48,26.87,17.63,5.67,23.4
2019-11-12,5.43,27.01,17.67,5.67,23.28
2019-11-13,5.35,27.0,17.41,5.62,23.07
2019-11-14,5.34,26.86,17.25,5.53,22.97
2019-11-15,5.28,26.45,16.9,5.44,23.17
2019-11-18,5.27,26.83,17.16,5.53,22.82
2019-11-19,5.37,26.91,17.26,5.69,22.82
2019-11-20,5.38,26.86,17.23,5.74,22.77
2019-11-21,5.38,26.64,17.19,5.85,22.56
2019-11-22,5.5,26.44,17.3,5.87,22.5
2019-11-25,5.76,26.58,17.8,5.95,23.1
2019-11-26,5.66,27.22,17.66,5.91,23.43
2019-11-27,5.6,26.84,17.4,5.95,23.35
2019-11-28,5.5,26.86,17.24,5.96,23.04
2019-11-29,5.47,26.6,17.21,5.99,23.25
2019-12-02,5.46,26.33,17.29,6.1,23.18
2019-12-03,5.39,26.17,17.38,6.07,23.21
2019-12-04,5.43,25.92,17.18,5.91,22.76
2019-12-05,5.4,26.04,17.16,5.85,22.8
2019-12-06,5.41,26.11,17.17,5.79,22.75
2019-12-09,5.63,25.62,17.49,5.83,22.68
2019-12-10,5.61,25.81,17.25,5.81,23.16
2019-12-11,5.66,25.71,17.28,5.75,23.42
2019-12-12,5.56,25.56,17.16,5.68,23.52
2019-12-13,5.69,25.8,17.28,5.74,23.7
2019-12-16,5.73,25.96,17.39,5.73,23.82
2019-12-17,5.8,26.19,17.67,5.82,23.9
2019-12-18,5.76,26.06,17.57,5.81,23.88
2019-12-19,5.73,26.16,17.72,5.83,23.87
2019-12-20,5.62,26.14,17.77,5.8,23.98
2019-12-23,5.58,25.86,17.47,5.67,23.7
2019-12-24,5.64,26.17,17.62,5.68,23.62
2019-12-25,5.58,27.29,17.55,5.68,23.62
2019-12-26,5.63,28.5,17.69,5.7,23.66
2019-12-27,5.68,27.94,17.82,5.59,23.88
2019-12-30,5.75,27.9,18.26,5.57,23.85
2019-12-31,5.74,28.18,18.25,5.58,23.85
2020-01-02,5.8,28.08,18.59,5.64,24.17
2020-01-03,5.8,28.0,18.56,5.64,24.1
2020-01-06,5.75,27.84,18.78,5.65,23.36
2020-01-07,5.83,27.71,18.82,5.69,23.53
2020-01-08,5.74,27.22,18.35,5.59,23.89
2020-01-09,5.8,27.43,18.4,5.62,24.95
2020-01-10,5.74,27.39,18.16,5.59,25.05
2020-01-13,5.73,27.43,18.19,5.61,25.3
2020-01-14,5.72,27.53,18.15,5.66,24.97
2020-01-15,5.68,27.17,17.83,5.6,24.56
2020-01-16,5.64,27.04,17.8,5.54,24.8
2020-01-17,5.72,27.23,17.9,5.52,24.74
2020-01-20,5.74,27.99,17.7,5.53,24.15
2020-01-21,5.6,28.17,17.52,5.45,23.1
2020-01-22,5.6,27.77,17.7,5.5,23.21
2020-01-23,5.43,27.35,17.28,5.41,22.61
2020-02-03,4.89,28.3,15.98,4.87,20.5
2020-02-04,5.19,28.08,16.25,4.87,20.4
2020-02-05,5.16,29.41,16.24,4.88,20.89
2020-02-06,5.2,29.55,16.27,4.92,21.01
2020-02-07,5.22,28.88,16.18,4.95,21.25
2020-02-10,5.29,28.14,16.35,4.94,21.4
2020-02-11,5.33,28.0,16.65,4.93,21.33
2020-02-12,5.32,27.88,16.65,4.94,21.65
2020-02-13,5.27,27.35,16.58,4.85,21.56
2020-02-14,5.29,27.49,16.72,4.84,21.49
2020-02-17,5.42,28.09,16.89,4.93,22.74
2020-02-18,5.38,28.07,16.73,4.94,22.58
2020-02-19,5.36,27.51,16.6,4.91,22.75
2020-02-20,5.4,27.71,16.76,4.99,23.0
2020-02-21,5.39,27.81,16.74,5.0,23.85
2020-02-24,5.34,27.61,16.53,4.93,23.7
2020-02-25,5.23,27.57,16.24,4.86,23.68
2020-02-26,5.32,27.05,16.45,4.9,23.51
2020-02-27,5.29,26.85,16.41,4.89,23.35
2020-02-28,5.2,26.14,16.0,4.7,22.21
2020-03-02,5.42,26.58,16.61,4.81,23.2
2020-03-03,5.4,26.66,16.77,4.83,23.5
2020-03-04,5.42,26.53,16.72,4.89,23.68
2020-03-05,5.5,26.93,17.05,4.95,23.61
2020-03-06,5.39,26.74,16.77,4.89,22.92
2020-03-09,5.28,26.27,16.28,4.77,22.26
2020-03-10,5.3,26.29,16.55,4.83,23.3
2020-03-11,5.25,26.31,16.42,4.85,22.9
2020-03-12,5.18,25.86,16.26,4.76,22.67
2020-03-13,5.11,25.35,16.03,4.68,22.16
2020-03-16,4.96,25.52,15.93,4.65,20.86
2020-03-17,4.9,25.07,15.7,4.59,20.71
2020-03-18,4.87,24.81,15.52,4.47,20.1
2020-03-19,4.72,24.24,14.78,4.32,19.02
2020-03-20,4.78,24.49,14.89,4.37,19.05
2020-03-23,4.6,24.13,14.78,4.46,17.7
2020-03-24,4.69,24.34,15.58,4.61,19.0
2020-03-25,4.79,24.8,15.68,4.62,20.53
2020-03-26,4.72,25.13,15.94,4.56,20.09
2020-03-27,4.77,25.18,16.27,4.59,20.53
2020-03-30,4.75,25.45,16.58,4.68,21.08
2020-03-31,4.87,25.35,16.24,4.69,20.5
2020-04-01,4.8,24.85,16.0,4.47,19.72
2020-04-02,4.81,24.9,16.25,4.43,19.45
2020-04-03,4.79,24.78,16.12,4.33,19.33
2020-04-07,4.87,25.05,16.14,4.37,19.42
2020-04-08,4.93,25.07,16.14,4.36,19.29
2020-04-09,4.92,25.23,16.0,4.38,19.47
2020-04-10,4.85,24.96,15.89,4.34,18.92
2020-04-13,4.84,25.03,15.85,4.27,18.68
2020-04-14,4.91,25.25,16.17,4.31,18.95
2020-04-15,4.9,25.43,15.93,4.23,18.59
2020-04-16,4.9,25.46,16.0,4.3,18.97
2020-04-17,4.93,25.27,16.03,4.25,19.0
2020-04-20,4.89,25.24,15.92,4.22,18.8
2020-04-21,4.84,25.03,15.37,4.2,18.61
2020-04-22,4.83,25.0,15.38,4.2,18.55
2020-04-23,4.83,25.19,15.3,4.22,18.37
2020-04-24,4.82,24.87,15.16,4.18,18.26
2020-04-27,4.83,25.01,15.32,4.2,17.99
2020-04-28,4.75,25.06,15.37,4.13,17.86
2020-04-29,4.77,25.61,15.65,4.14,18.09
2020-04-30,4.87,25.68,15.93,4.22,18.9
2020-05-06,4.9,25.8,15.77,4.22,19.62
2020-05-07,4.83,25.58,15.77,4.34,19.65
2020-05-08,4.88,25.56,15.86,4.31,20.29
2020-05-11,4.92,25.3,15.89,4.32,20.1
2020-05-12,4.89,25.26,15.97,4.29,19.79
2020-05-13,4.92,25.3,15.9,4.4,19.52
2020-05-14,4.83,25.03,15.87,4.34,18.94
2020-05-15,4.78,25.1,16.03,4.36,18.6
2020-05-18,4.78,25.18,16.04,4.33,18.48
2020-05-19,4.83,25.37,16.49,4.34,18.71
2020-05-20,4.8,25.19,16.37,4.36,18.61
2020-05-21,4.77,25.12,16.21,4.27,18.51
2020-05-22,4.72,24.77,15.91,4.19,18.36
2020-05-25,4.75,24.85,16.1,4.3,18.75
2020-05-26,4.78,25.07,16.1,4.4,18.79
2020-05-27,4.86,24.98,16.45,4.43,18.23
2020-05-28,4.89,24.85,16.44,4.39,18.18
2020-05-29,4.89,25.06,16.38,4.33,17.92
2020-06-01,4.92,25.49,16.56,4.38,18.3
2020-06-02,4.9,25.6,16.54,4.4,18.23
2020-06-03,4.62,26.93,16.67,4.36,18.94
2020-06-04,4.6,26.54,16.39,4.27,18.23
2020-06-05,4.56,26.1,16.38,4.3,18.23
2020-06-08,4.56,26.18,16.65,4.33,18.3
2020-06-09,4.58,26.4,16.96,4.35,18.3
2020-06-10,4.57,26.13,16.73,4.26,18.11
2020-06-11,4.51,25.71,16.4,4.22,18.05
2020-06-12,4.57,25.78,16.28,4.21,17.99
2020-06-15,4.5,26.15,14.61,4.14,17.72
2020-06-16,4.62,26.23,14.65,4.16,17.8
2020-06-17,4.65,26.54,14.76,4.15,17.87
2020-06-18,4.79,26.38,14.96,4.24,17.84
2020-06-19,4.75,26.39,14.96,4.27,18.25
2020-06-22,4.71,26.4,14.78,4.24,18.12
2020-06-23,4.61,26.88,14.65,4.21,17.97
2020-06-24,4.6,26.69,14.68,4.21,18.19
2020-06-29,4.56,26.77,14.39,4.19,17.98
2020-06-30,4.56,27.12,14.36,4.22,16.99
2020-07-01,4.64,27.53,14.74,4.25,17.25
2020-07-02,4.71,27.47,15.11,4.38,17.86
2020-07-03,4.81,27.98,15.88,4.47,18.65
2020-07-06,5.15,28.71,16.9,4.64,19.76
2020-07-07,5.21,28.37,16.94,4.69,19.2
2020-07-08,5.32,28.2,16.85,4.75,19.18
2020-07-09,5.43,28.55,17.04,4.78,19.32
2020-07-10,5.25,28.2,16.46,4.69,18.93
2020-07-13,5.29,29.35,16.61,4.74,19.24
2020-07-14,5.25,28.94,16.48,4.71,20.16
2020-07-15,5.12,28.82,16.16,4.68,19.21
2020-07-16,4.96,27.3,15.71,4.57,18.49
2020-07-17,4.89,26.93,15.58,4.63,18.56
2020-07-20,5.18,27.1,16.26,4.98,19.08
2020-07-21,5.13,27.21,16.18,4.86,18.93
2020-07-22,5.11,27.18,15.98,4.79,18.94
2020-07-23,5.05,27.3,15.76,4.77,18.59
2020-07-24,4.91,26.34,15.48,4.66,17.96
2020-07-27,4.89,26.37,15.54,4.75,18.08
2020-07-28,4.91,26.36,15.59,4.73,18.01
2020-07-29,4.97,26.9,15.66,4.71,18.36
2020-07-30,4.92,27.22,15.45,4.71,18.12
2020-07-31,4.92,27.04,15.33,4.69,18.18
2020-08-03,4.97,27.63,15.59,4.72,18.38
2020-08-04,4.99,27.57,15.64,4.69,18.4
2020-08-05,4.92,30.32,15.52,4.65,18.19
2020-08-06,4.93,29.18,15.46,4.6,18.27
2020-08-07,4.87,30.68,15.36,4.57,18.1
2020-08-10,4.91,33.5,15.46,4.63,18.3
2020-08-11,4.89,32.35,15.37,4.58,18.34
2020-08-12,4.91,30.9,15.55,4.74,18.32
2020-08-13,4.95,30.61,15.53,4.81,18.38
2020-08-14,4.95,30.45,15.63,4.83,18.45
2020-08-17,5.06,30.81,16.01,5.01,18.87
2020-08-18,5.04,30.94,16.06,5.08,18.77
2020-08-19,5.03,30.13,16.0,5.59,18.41
2020-08-20,5.04,29.82,15.86,5.9,18.16
2020-08-21,5.08,30.26,15.82,6.2,18.27
2020-08-24,5.02,30.1,15.93,5.99,18.64
2020-08-25,4.96,29.43,15.8,5.6,18.69
2020-08-26,4.9,28.75,15.56,5.65,18.3
2020-08-27,4.9,28.75,15.54,5.43,19.2
2020-08-28,4.98,30.4,15.85,5.57,18.94
2020-08-31,4.94,29.7,16.16,5.51,18.66
2020-09-01,4.96,29.73,16.15,5.85,19.02
2020-09-02,4.98,30.18,15.96,5.78,18.91
2020-09-03,5.02,31.9,16.1,5.7,19.21
2020-09-04,5.01,30.5,16.17,5.54,19.26
2020-09-07,4.98,29.17,16.07,5.45,19.4
2020-09-08,5.05,29.25,16.49,5.66,20.04
2020-09-09,5.1,28.52,16.26,5.69,19.2
2020-09-10,5.03,27.88,16.28,5.88,19.14
2020-09-11,5.03,28.76,15.99,5.83,18.99
2020-09-14,5.02,28.23,16.06,5.85,19.43
2020-09-15,5.01,28.5,16.06,5.73,19.67
2020-09-16,5.06,28.92,16.25,5.72,19.89
2020-09-17,5.06,28.69,16.15,5.59,20.32
2020-09-18,5.13,28.8,16.66,5.8,20.25
2020-09-21,5.11,29.01,16.67,5.59,20.13
2020-09-22,5.03,28.45,16.45,5.52,19.74
2020-09-23,5.0,28.46,16.29,5.46,19.83
2020-09-24,4.92,27.74,16.11,5.35,19.3
2020-09-25,4.92,27.18,16.33,5.46,19.21
2020-09-28,4.95,27.01,16.58,5.39,19.29
2020-09-29,4.96,27.12,16.51,5.3,19.13
2020-09-30,4.99,26.98,16.47,5.41,19.13
2020-10-09,5.05,27.38,16.58,5.41,19.8
2020-10-12,5.09,27.91,16.74,5.5,20.1
2020-10-13,5.04,27.79,16.79,5.43,20.67
2020-10-14,5.0,27.33,16.66,5.24,20.5
2020-10-15,5.01,26.93,16.75,5.18,20.46
2020-10-16,5.21,27.45,17.02,5.28,20.59
2020-10-19,5.3,26.76,16.84,5.17,20.49
2020-10-20,5.14,27.05,16.81,5.23,21.11
2020-10-21,5.21,27.09,16.75,5.14,21.52
2020-10-22,5.2,27.12,16.84,5.02,21.14
2020-10-23,5.33,26.99,16.68,4.96,21.25
2020-10-26,5.35,26.9,16.6,5.25,21.16
2020-10-27,5.43,26.72,16.73,5.08,21.09
2020-10-28,5.46,26.45,16.6,5.0,21.72
2020-10-29,5.52,26.73,16.51,4.99,22.7
2020-10-30,5.34,26.9,16.65,4.88,23.15
2020-11-02,5.55,26.26,16.7,4.72,24.1
2020-11-03,5.59,27.16,16.83,4.99,23.81
2020-11-04,5.75,26.95,17.12,4.85,25.41
2020-11-05,6.12,27.37,17.23,4.94,27.5
2020-11-06,6.19,27.8,17.83,5.14,27.72
2020-11-09,6.54,27.95,17.92,5.16,28.4
2020-11-10,6.45,27.54,17.85,5.14,26.75
2020-11-11,6.39,27.96,18.0,5.22,26.25
2020-11-12,6.39,27.81,17.72,5.07,26.42
2020-11-13,6.35,27.22,17.48,5.01,26.19
2020-11-16,6.54,27.47,17.8,5.05,25.9
2020-11-17,6.36,27.17,17.85,5.09,26.06
2020-11-18,6.31,27.14,17.79,5.12,25.65
2020-11-19,6.29,27.26,17.62,5.06,26.01
2020-11-20,6.49,27.15,17.73,5.08,27.12
2020-11-23,6.39,27.27,18.38,5.13,26.85
2020-11-24,6.52,26.99,18.4,5.05,26.05
2020-11-25,6.38,26.7,18.42,5.06,26.18
2020-11-26,6.38,26.75,18.96,5.25,24.95
2020-11-27,6.32,26.69,19.3,5.16,27.08
2020-11-30,6.21,26.9,19.62,5.14,26.51
2020-12-01,6.3,26.92,19.74,5.1,26.5
2020-12-02,6.47,25.97,19.99,5.05,25.71
2020-12-03,6.2,25.06,19.07,5.0,25.62
2020-12-04,6.07,25.28,18.89,4.95,25.24
2020-12-07,5.96,25.21,18.48,4.85,24.34
2020-12-08,5.97,24.84,18.4,4.85,24.36
2020-12-09,5.92,24.5,18.6,4.74,23.68
2020-12-10,6.16,24.66,18.54,4.74,23.76
2020-12-11,6.11,24.9,18.63,4.58,23.8
2020-12-14,5.96,24.95,17.45,4.59,24.37
2020-12-15,5.91,24.68,17.66,4.49,24.3
2020-12-16,5.88,25.1,17.74,4.43,23.83
2020-12-17,6.12,24.93,18.13,4.53,24.36
2020-12-18,6.23,25.1,19.07,4.71,24.67
2020-12-21,6.2,24.97,18.8,4.66,24.77
2020-12-22,5.93,24.62,17.8,4.54,23.23
2020-12-23,6.03,24.2,17.95,4.59,24.35
2020-12-24,5.94,23.45,18.02,4.58,23.92
2020-12-25,6.06,23.55,18.47,4.73,23.4
2020-12-28,5.99,23.42,18.55,4.72,25.74
2020-12-29,5.88,23.35,18.05,4.57,23.82
2020-12-30,5.97,23.47,18.03,4.53,24.41
2020-12-31,5.95,23.9,18.01,4.48,24.44
2021-01-04,6.09,24.38,17.99,4.5,23.55
2021-01-05,5.94,25.72,17.65,4.4,22.71
2021-01-06,5.95,25.4,17.95,4.43,22.97
2021-01-07,6.36,25.08,18.26,4.4,23.23
2021-01-08,6.56,25.31,18.63,4.47,25.55
2021-01-11,6.29,24.77,18.06,4.35,26.43
2021-01-12,6.35,24.71,18.22,4.36,26.16
2021-01-13,6.5,24.19,18.81,4.5,25.05
2021-01-14,6.84,24.5,18.62,4.52,25.12
2021-01-15,6.35,24.5,18.73,4.46,25.7
2021-01-18,6.29,25.3,18.92,4.45,24.77
2021-01-19,6.21,25.15,18.74,4.56,23.69
2021-01-20,6.82,25.3,18.81,4.51,23.45
2021-01-21,6.81,25.56,18.9,4.44,23.73
2021-01-22,6.65,25.17,18.66,4.37,23.57
2021-01-25,6.83,24.82,18.25,4.29,23.05
2021-01-26,7.03,24.3,18.04,4.28,22.7
2021-01-27,6.98,24.16,18.1,4.25,23.37
2021-01-28,6.79,23.74,17.76,4.2,22.7
2021-01-29,6.56,23.63,17.4,4.17,21.94
2021-02-01,6.58,24.17,16.98,4.04,21.68
2021-02-02,6.51,24.29,16.86,3.99,22.65
2021-02-03,6.65,24.02,16.77,3.89,22.15
2021-02-04,6.65,23.95,16.68,3.84,21.66
2021-02-05,6.67,24.03,16.35,3.87,21.57
2021-02-08,6.84,25.45,16.42,3.81,21.72
2021-02-09,6.93,25.83,16.62,3.82,21.27
2021-02-10,6.81,25.65,16.73,3.84,21.93
2021-02-18,7.15,26.63,17.42,3.94,21.99
2021-02-19,7.28,26.52,18.11,4.06,22.3
2021-02-22,8.0,25.76,18.89,4.18,22.3
2021-02-23,7.94,27.65,18.36,4.11,21.87
2021-02-24,7.54,26.37,18.13,4.13,21.31
2021-02-25,7.75,26.88,18.52,4.16,21.65
2021-02-26,7.52,27.0,17.75,4.03,21.25
2021-03-01,8.04,27.0,17.82,4.05,21.22
2021-03-02,7.99,26.52,17.98,4.08,20.89
2021-03-03,8.74,26.54,18.36,4.14,21.17
2021-03-04,8.6,26.08,18.1,4.3,20.72
2021-03-05,7.93,26.79,18.18,4.25,20.84
2021-03-08,8.03,26.32,18.01,4.39,20.45
2021-03-09,8.49,26.12,18.12,4.28,20.46
2021-03-10,8.3,25.5,17.97,4.26,19.98
2021-03-11,8.87,25.56,18.28,4.36,20.07
2021-03-12,9.07,25.8,18.57,4.52,20.34
2021-03-15,9.13,25.65,19.2,4.46,20.08
2021-03-16,8.95,25.73,19.04,4.48,20.31
2021-03-17,8.68,25.53,18.97,4.34,20.52
2021-03-18,8.92,25.55,18.92,4.38,20.42
2021-03-19,9.02,25.62,18.7,4.48,20.04
2021-03-22,8.96,26.44,18.71,4.76,20.51
2021-03-23,8.54,26.47,18.13,4.63,20.35
2021-03-24,8.03,26.48,17.78,4.53,20.18
2021-03-25,7.92,26.9,18.1,4.3,19.95
2021-03-26,8.14,26.89,18.13,4.37,20.1
2021-03-29,8.21,27.29,19.94,4.38,19.88
2021-03-30,8.19,29.34,20.39,4.29,19.79
2021-03-31,8.08,29.95,20.1,4.41,19.67
2021-04-01,8.43,30.06,19.88,4.43,19.8
2021-04-02,8.18,29.4,19.78,4.32,19.9
2021-04-06,8.23,28.94,19.5,4.28,20.07
2021-04-07,8.5,28.76,19.52,4.31,20.11
2021-04-08,8.61,28.9,19.52,4.2,20.33
2021-04-09,8.66,29.06,19.51,4.2,20.03
2021-04-12,8.4,29.11,19.6,4.24,20.03
2021-04-13,8.21,28.85,19.32,4.16,19.84
2021-04-14,8.26,28.9,19.53,4.17,19.95
2021-04-15,8.24,27.94,19.77,4.08,19.78
2021-04-16,8.27,28.89,19.82,4.13,20.48
2021-04-19,8.23,29.04,19.85,4.17,21.35
2021-04-20,8.42,29.3,19.89,4.17,20.56
2021-04-21,8.07,29.33,19.69,4.1,20.08
2021-04-22,8.29,29.32,19.93,4.1,20.1
2021-04-23,8.64,29.16,19.55,4.07,19.94
2021-04-26,8.66,28.5,19.24,4.04,19.83
2021-04-27,8.54,28.35,19.1,3.98,19.59
2021-04-28,8.8,28.8,19.5,4.19,19.43
2021-04-29,8.69,28.54,19.63,4.23,19.75
2021-04-30,8.63,30.58,19.21,4.22,20.06
2021-05-06,9.01,29.91,19.79,4.23,20.27
2021-05-07,9.03,29.41,20.02,4.26,19.94
2021-05-10,9.19,28.88,20.97,4.28,20.28
2021-05-11,8.78,28.97,20.53,4.27,20.1
2021-05-12,8.79,28.64,20.89,4.24,20.64
2021-05-13,8.2,30.0,20.19,4.2,20.13
2021-05-14,8.13,32.49,19.96,4.23,20.37
2021-05-17,8.09,33.04,20.2,4.22,20.58
2021-05-18,8.16,36.1,20.47,4.23,20.4
2021-05-19,7.9,36.49,20.3,4.2,20.67
2021-05-20,7.76,36.53,19.61,4.16,20.44
2021-05-21,7.88,36.38,19.65,4.26,20.19
2021-05-24,7.73,35.64,19.58,4.23,19.98
2021-05-25,7.74,37.7,19.76,4.23,20.23
2021-05-26,7.76,40.58,19.83,4.26,20.32
2021-05-27,7.87,43.6,19.98,4.23,20.3
2021-05-28,7.86,43.0,19.93,4.23,20.38
2021-05-31,7.88,42.18,19.98,4.21,20.28
2021-06-01,7.95,41.59,20.07,4.17,20.34
2021-06-02,7.78,40.35,20.16,4.2,20.4
2021-06-03,7.84,39.77,20.45,4.16,20.23
2021-06-04,7.9,39.1,20.28,4.14,20.13
2021-06-07,7.73,38.7,20.3,4.17,20.06
2021-06-08,7.88,37.77,20.21,4.14,20.12
2021-06-09,7.94,37.22,20.54,4.15,20.02
2021-06-10,7.94,37.36,20.43,4.12,19.95
2021-06-11,8.02,34.79,20.58,4.16,19.91
2021-06-15,7.78,34.35,20.3,4.09,21.1
2021-06-16,7.69,33.5,20.47,4.1,20.48
2021-06-17,7.35,33.6,20.32,4.08,20.27
2021-06-18,7.0,34.08,19.84,4.07,21.7
2021-06-21,7.13,34.72,19.46,4.06,21.26
2021-06-22,7.15,35.0,19.42,4.08,22.1
2021-06-23,7.49,35.89,19.87,4.11,22.05
2021-06-24,7.64,35.24,19.97,4.13,21.99
2021-06-25,7.67,36.1,20.32,4.15,22.57
2021-06-28,7.65,39.71,19.65,4.31,22.41
2021-06-29,7.57,40.38,19.45,4.26,21.75
2021-06-30,7.64,40.85,19.52,4.22,21.97
2021-07-01,7.73,41.56,19.42,4.21,21.56
2021-07-02,7.63,39.96,19.28,4.22,21.04
2021-07-05,7.5,39.23,19.96,4.19,21.08
2021-07-06,7.45,36.33,19.92,4.24,21.05
2021-07-07,7.59,36.25,19.9,4.03,21.46
2021-07-08,7.58,36.81,19.73,4.0,21.29
2021-07-09,7.7,36.13,19.98,3.99,21.93
2021-07-12,7.65,36.07,17.62,3.97,21.8
2021-07-13,7.64,36.19,17.78,3.98,21.68
2021-07-14,7.51,36.5,17.91,3.96,20.8
2021-07-15,8.05,36.13,17.91,3.92,20.52
2021-07-16,7.98,36.85,18.08,3.91,20.79
2021-07-19,7.86,40.0,18.2,3.86,20.65
2021-07-20,7.62,39.0,17.9,3.85,20.41
2021-07-21,7.66,39.94,17.63,3.84,20.48
2021-07-22,8.06,37.98,17.74,3.87,20.38
2021-07-23,8.09,37.11,17.77,3.92,20.7
2021-07-26,7.76,36.61,17.27,3.85,19.92
2021-07-27,7.37,34.2,17.03,3.94,19.83
2021-07-28,7.17,34.22,16.88,3.84,19.04
2021-07-29,7.23,34.43,16.88,3.77,19.09
2021-07-30,7.92,34.21,17.0,3.83,18.34
2021-08-02,7.3,35.18,17.24,3.96,18.91
2021-08-03,7.16,35.29,17.26,3.98,18.75
2021-08-04,7.38,35.02,17.35,3.97,18.97
2021-08-05,7.35,34.75,17.43,3.96,19.05
2021-08-06,7.46,33.7,17.52,3.98,19.16
2021-08-09,7.75,35.14,17.58,3.96,19.09
2021-08-10,7.93,35.28,17.69,3.94,19.12
2021-08-11,8.05,34.53,17.91,4.02,19.11
2021-08-12,8.29,33.94,17.89,4.0,19.7
2021-08-13,8.25,33.96,17.96,4.02,19.27
2021-08-16,8.47,34.5,17.93,4.14,19.17
2021-08-17,8.3,33.56,17.78,4.05,18.71
2021-08-18,8.36,33.71,17.56,4.23,18.82
2021-08-19,8.41,33.17,17.39,4.65,18.75
2021-08-20,8.39,32.27,17.26,4.75,18.38
2021-08-23,8.33,32.25,17.68,5.23,18.41
2021-08-24,8.4,32.68,17.8,5.2,18.59
2021-08-25,8.53,34.45,18.02,5.35,18.56
2021-08-26,8.93,33.34,18.24,5.2,18.37
2021-08-27,9.1,33.28,18.16,5.2,18.89
2021-08-30,9.64,33.38,18.93,5.32,19.38
2021-08-31,10.19,32.83,20.0,5.55,19.32
2021-09-01,10.25,32.98,19.53,5.84,19.66
2021-09-02,10.4,32.52,20.11,6.42,19.87
2021-09-03,10.05,33.82,19.97,7.06,19.44
2021-09-06,10.24,35.1,20.77,7.33,19.95
2021-09-07,10.84,35.05,21.28,7.11,20.94
2021-09-08,10.53,34.74,21.81,7.1,20.85
2021-09-09,11.42,34.98,23.99,6.98,20.96
2021-09-10,11.24,34.48,22.4,6.78,21.0
2021-09-13,11.84,33.51,23.95,6.94,20.67
2021-09-14,11.04,32.97,23.16,6.67,20.43
2021-09-15,11.03,33.09,22.87,6.71,20.21
2021-09-16,11.01,31.99,23.16,6.28,20.01
2021-09-17,10.45,31.51,21.62,6.65,20.11
2021-09-22,10.46,31.35,23.78,7.32,19.95
2021-09-23,10.35,31.63,23.43,8.05,20.02
2021-09-24,9.61,31.64,21.9,8.32,19.68
2021-09-27,9.25,32.16,21.93,7.97,19.73
2021-09-28,9.23,31.43,22.81,8.22,19.53
2021-09-29,8.61,31.17,22.17,7.9,19.2
2021-09-30,8.7,31.36,22.66,8.27,19.08
2021-10-08,8.62,31.96,21.4,7.44,19.55
2021-10-11,8.39,32.04,22.42,7.2,19.76
2021-10-12,8.04,31.6,22.24,6.99,19.55
2021-10-13,8.07,33.81,21.52,6.59,20.25
2021-10-14,8.04,33.37,21.19,6.69,20.55
2021-10-15,7.77,33.6,21.96,6.65,20.82
2021-10-18,7.82,33.46,23.59,6.81,21.01
2021-10-19,7.88,34.1,23.46,6.77,20.96
2021-10-20,7.8,33.52,21.97,7.45,20.98
2021-10-21,7.69,32.91,23.06,7.31,20.98
2021-10-22,7.44,33.11,21.63,7.01,20.96
2021-10-25,7.46,32.77,22.35,7.07,20.97
2021-10-26,7.41,32.83,21.86,6.88,20.73
2021-10-27,7.22,31.9,20.98,7.57,20.38
2021-10-28,7.07,31.56,20.15,7.75,19.84
2021-10-29,7.13,32.08,19.89,7.71,20.28
2021-11-01,7.01,34.08,20.09,7.42,19.97
2021-11-02,6.76,33.85,19.6,6.98,20.22
2021-11-03,6.85,34.17,20.1,7.18,20.19
2021-11-04,6.71,34.26,20.14,7.03,20.66
2021-11-05,6.41,33.5,19.5,6.45,22.73
2021-11-08,6.41,32.27,19.79,6.38,23.01
2021-11-09,6.31,32.67,19.45,6.49,22.16
2021-11-10,6.37,32.72,19.08,6.38,21.42
2021-11-11,6.57,32.51,19.23,6.1,21.32
2021-11-12,6.37,32.55,19.12,6.01,21.38
2021-11-15,6.5,32.6,19.13,5.99,21.14
2021-11-16,6.32,33.62,18.95,5.78,20.62
2021-11-17,6.46,33.73,19.03,5.83,20.76
2021-11-18,6.42,32.82,19.1,5.92,20.64
2021-11-19,6.53,33.48,19.34,5.96,20.68
2021-11-22,6.43,33.18,19.37,5.86,20.88
2021-11-23,6.59,35.24,19.58,5.84,21.04
2021-11-24,6.78,34.44,20.16,5.95,20.6
2021-11-25,6.72,37.0,20.31,5.96,20.56
2021-11-26,6.77,36.81,19.72,5.72,20.16
2021-11-29,6.66,36.12,19.57,6.23,20.09
2021-11-30,6.52,36.31,19.54,6.21,19.95
2021-12-01,6.77,37.11,20.1,6.68,20.19
2021-12-02,6.99,36.8,20.68,6.57,20.59
2021-12-03,7.01,36.8,22.6,7.23,20.52
2021-12-06,7.01,37.1,22.19,7.34,20.25
2021-12-07,7.23,38.35,22.08,7.78,20.86
2021-12-08,7.18,38.37,21.75,8.0,20.93
2021-12-09,7.11,37.99,21.8,8.47,21.79
2021-12-10,7.01,37.21,21.7,8.13,21.83
2021-12-13,7.08,37.6,21.8,8.75,21.73
2021-12-14,6.96,37.65,21.24,8.7,21.27
2021-12-15,7.0,37.47,21.37,9.32,21.13
2021-12-16,7.47,38.01,22.85,9.37,21.31
2021-12-17,7.49,38.9,22.03,8.97,20.95
2021-12-20,7.24,39.94,21.76,8.89,20.59
2021-12-21,7.48,39.99,22.2,9.0,20.87
2021-12-22,7.34,42.8,22.11,9.03,20.65
2021-12-23,7.38,43.35,22.67,9.93,20.82
2021-12-24,7.26,43.67,22.46,10.03,20.59
2021-12-27,7.24,43.51,22.8,9.77,20.81
2021-12-28,7.16,42.26,22.28,9.52,20.84
2021-12-29,7.13,40.05,22.28,9.0,20.59
2021-12-30,7.11,40.89,21.94,9.32,20.53
2021-12-31,7.16,44.98,22.52,9.69,20.63
2022-01-04,7.23,49.48,22.73,9.0,20.69
2022-01-05,7.16,48.4,22.4,8.55,20.95
2022-01-06,7.4,51.45,22.22,8.34,20.61
2022-01-07,7.62,50.99,22.51,7.99,20.66
2022-01-10,7.6,50.53,22.78,7.7,20.75
2022-01-11,7.65,52.56,22.7,7.74,20.31
2022-01-12,7.51,49.59,22.83,7.79,20.37
2022-01-13,7.46,47.9,23.19,7.58,20.12
2022-01-14,7.26,48.37,22.52,7.42,19.82
2022-01-17,7.32,48.41,22.39,7.57,19.99
2022-01-18,7.56,48.82,23.34,8.21,20.13
2022-01-19,7.7,47.59,23.51,8.3,20.04
2022-01-20,7.77,49.18,23.88,8.43,20.07
2022-01-21,7.5,45.95,24.01,8.2,19.75
2022-01-24,7.56,47.09,24.12,8.51,19.52
2022-01-25,7.23,44.65,23.4,7.85,19.06
2022-01-26,7.27,43.76,23.17,8.08,19.14
2022-01-27,7.23,43.35,23.48,7.75,18.83
2022-01-28,7.04,41.91,22.54,7.4,18.66
2022-02-07,7.29,42.93,23.51,8.0,18.93
2022-02-08,7.62,42.75,24.96,8.24,19.1
2022-02-09,7.62,45.43,24.44,8.75,19.2
2022-02-10,7.7,46.69,25.6,8.71,19.12
2022-02-11,7.67,42.97,26.11,8.67,19.08
2022-02-14,7.36,42.51,25.77,8.15,18.8
2022-02-15,7.28,44.14,25.1,8.21,18.8
2022-02-16,7.46,43.28,25.19,8.02,18.98
2022-02-17,7.39,43.3,25.31,8.3,18.87
2022-02-18,7.61,43.19,25.79,8.25,18.9
2022-02-21,7.53,43.63,26.41,7.83,18.83
2022-02-22,7.39,42.5,26.6,7.48,18.46
2022-02-23,7.35,43.01,25.51,7.66,18.74
2022-02-24,7.12,42.84,25.5,7.69,18.33
2022-02-25,7.17,44.84,24.57,8.46,18.37
2022-02-28,7.22,45.8,25.24,8.77,18.11
2022-03-01,7.29,45.49,26.05,8.7,18.4
2022-03-02,7.27,46.81,26.3,8.58,18.4
2022-03-03,7.5,46.42,26.97,8.57,18.51
2022-03-04,7.45,45.71,27.22,8.8,18.65
2022-03-07,7.41,44.7,27.05,8.97,18.32
2022-03-08,7.25,40.78,25.86,8.76,17.78
2022-03-09,7.13,39.83,26.92,9.05,17.79
2022-03-10,7.08,42.08,26.57,8.97,18.11
2022-03-11,6.91,43.71,26.9,8.41,17.95
2022-03-14,6.71,41.42,26.2,7.86,17.8
2022-03-15,6.18,39.0,24.13,7.37,16.98
2022-03-16,6.34,40.2,24.8,8.02,17.26
2022-03-17,6.65,40.98,24.37,7.92,17.39
2022-03-18,6.68,41.7,25.03,7.91,17.47
2022-03-21,6.63,41.51,26.1,7.97,17.19
2022-03-22,6.73,40.97,26.88,8.24,17.31
2022-03-23,6.66,43.69,26.55,7.87,17.21
2022-03-24,6.68,43.36,27.2,7.6,17.12
2022-03-25,6.61,43.39,27.18,7.06,16.98
2022-03-28,6.7,43.44,29.22,7.28,16.97
2022-03-29,6.62,45.95,30.08,7.11,16.75
2022-03-30,6.73,45.45,29.03,7.28,16.95
2022-03-31,6.75,46.74,29.77,6.91,17.0
2022-04-01,6.87,45.87,29.53,7.03,17.05
2022-04-06,7.25,45.94,29.2,6.8,17.05
2022-04-07,7.2,44.14,29.78,6.57,16.92
2022-04-08,7.31,43.21,30.57,6.67,16.94
2022-04-11,7.14,42.86,31.3,6.41,16.38
2022-04-12,7.11,42.92,30.95,6.4,16.53
2022-04-13,7.15,41.15,31.99,6.24,16.31
2022-04-14,7.36,41.9,32.28,6.0,16.5
2022-04-15,7.35,42.19,31.03,6.39,16.85
2022-04-18,7.13,41.49,29.97,6.73,16.95
2022-04-19,7.24,41.82,30.8,6.68,16.73
2022-04-20,6.94,40.53,29.56,6.66,16.51
2022-04-21,6.72,39.03,29.22,6.5,16.2
2022-04-22,6.82,37.97,29.69,6.97,16.21
2022-04-25,6.44,35.3,28.7,6.92,15.51
2022-04-26,6.33,34.38,28.47,6.76,15.06
2022-04-27,6.43,35.75,28.97,7.22,15.14
2022-04-28,6.32,35.49,31.21,7.32,15.43
2022-04-29,6.46,36.63,30.78,7.3,15.95
2022-05-05,6.33,40.29,30.63,7.12,16.59
2022-05-06,6.09,40.54,30.24,6.8,16.34
2022-05-09,6.06,40.07,29.61,6.99,15.96
2022-05-10,5.98,40.25,28.68,7.3,15.88
2022-05-11,6.04,40.32,29.24,7.32,15.99
2022-05-12,5.99,40.88,28.64,7.15,15.8
2022-05-13,6.07,41.92,30.8,7.12,16.6
2022-05-16,6.21,42.54,31.0,6.96,16.18
2022-05-17,6.22,42.59,31.43,6.75,16.5
2022-05-18,6.38,41.19,31.16,7.05,16.48
2022-05-19,6.34,40.99,30.97,7.27,16.53
2022-05-20,6.37,42.6,32.35,7.39,16.8
2022-05-23,6.48,43.03,32.48,7.16,17.14
2022-05-24,6.32,41.87,32.51,6.93,17.21
2022-05-25,6.33,42.56,33.13,7.31,17.34
2022-05-26,6.39,44.41,33.33,7.18,17.22
2022-05-27,6.37,44.55,34.49,7.12,17.13
2022-05-30,6.38,45.61,33.96,7.08,17.3
2022-05-31,6.4,46.57,33.96,7.39,17.19
2022-06-01,6.44,45.08,33.79,7.18,17.66
2022-06-02,6.5,45.68,33.19,7.16,17.75
2022-06-06,6.55,45.9,34.03,7.12,17.65
2022-06-07,6.5,46.58,33.7,7.2,17.23
2022-06-08,6.62,46.72,35.19,7.25,17.43
2022-06-09,6.65,46.05,34.83,6.53,17.11
2022-06-10,6.68,46.75,34.81,6.49,17.55
2022-06-13,6.52,49.77,33.73,6.1,17.63
2022-06-14,6.63,49.2,34.51,6.15,18.28
2022-06-15,6.68,49.57,33.7,6.11,18.25
2022-06-16,6.56,51.3,32.4,6.39,17.87
2022-06-17,6.43,52.12,32.56,6.35,17.89
2022-06-20,6.41,52.51,31.04,6.99,17.93
2022-06-21,6.33,51.0,31.18,7.22,17.8
2022-06-22,6.23,51.17,30.73,7.22,17.56
2022-06-23,6.27,52.65,31.36,7.26,18.36
2022-06-24,6.28,52.75,31.2,7.39,18.19
2022-06-27,6.22,52.79,32.42,7.16,18.41
2022-06-28,6.25,54.06,32.84,7.14,18.74
2022-06-29,6.23,52.9,32.97,7.14,17.92
2022-06-30,6.02,52.88,33.3,7.04,17.81
2022-07-01,6.18,49.01,33.12,7.15,17.46
2022-07-04,6.17,51.13,33.4,7.52,17.22
2022-07-05,6.35,51.03,34.4,7.84,17.31
2022-07-06,6.23,50.0,32.35,7.9,17.15
2022-07-07,6.2,49.99,33.2,8.11,17.57
2022-07-08,6.19,50.06,33.45,8.08,18.56
2022-07-11,6.05,49.82,29.0,8.04,17.43
2022-07-12,6.09,48.9,29.73,8.2,17.25
2022-07-13,6.07,48.85,29.37,8.13,17.25
2022-07-14,5.93,49.8,29.57,7.35,17.06
2022-07-15,5.74,49.68,29.75,7.24,16.13
2022-07-18,5.82,48.63,30.53,7.57,16.77
2022-07-19,5.76,48.59,30.09,7.38,16.66
2022-07-20,5.74,49.26,29.75,7.26,16.44
2022-07-21,5.61,49.1,28.09,7.03,16.2
2022-07-22,5.53,48.99,28.34,6.95,16.32
2022-07-25,5.47,49.2,28.6,6.68,16.0
2022-07-26,5.54,50.08,29.05,6.67,16.07
2022-07-27,5.62,49.95,28.83,6.78,16.0
2022-07-28,5.66,48.9,28.74,6.95,16.08
2022-07-29,5.67,47.06,28.1,7.02,16.19
2022-08-01,5.58,46.7,28.44,6.77,16.38
2022-08-02,5.47,45.64,27.97,6.48,15.87
2022-08-03,5.2,47.25,27.62,6.31,15.89
2022-08-04,5.22,49.35,27.61,6.52,15.92
2022-08-05,5.27,49.16,27.29,6.48,16.08
2022-08-08,5.35,49.81,27.89,6.62,16.2
2022-08-09,5.34,49.64,28.49,6.56,16.16
2022-08-10,5.27,49.08,28.35,6.45,16.16
2022-08-11,5.37,49.55,28.45,6.61,16.36
2022-08-12,5.38,49.41,28.94,6.87,16.39
2022-08-15,5.37,48.62,29.22,7.07,16.34
2022-08-16,5.36,48.58,29.19,7.21,16.38
2022-08-17,5.37,48.55,29.06,7.43,16.56
2022-08-18,5.31,48.0,28.98,7.2,16.36
2022-08-19,5.35,47.08,29.7,7.92,16.27
2022-08-22,5.37,48.38,30.15,7.94,16.47
2022-08-23,5.32,48.53,30.56,8.25,16.29
2022-08-24,5.27,47.81,30.84,8.15,15.97
2022-08-25,5.37,47.68,32.38,8.59,16.18
2022-08-26,5.33,47.86,31.26,8.41,15.88
2022-08-29,5.4,48.16,31.88,8.29,15.5
2022-08-30,5.36,47.38,30.52,8.13,15.48
2022-08-31,5.33,46.75,30.34,8.18,15.47
2022-09-01,5.33,44.81,31.11,7.87,15.3
2022-09-02,5.27,44.29,30.66,8.2,15.26
2022-09-05,5.4,44.09,32.56,8.5,15.21
2022-09-06,5.43,45.16,32.88,8.89,15.42
2022-09-07,5.44,44.92,32.61,9.26,15.4
2022-09-08,5.5,45.65,32.3,9.11,15.35
2022-09-09,5.57,45.78,32.73,9.12,15.48
2022-09-13,5.52,46.5,32.45,9.0,15.65
2022-09-14,5.5,45.52,32.35,9.01,15.44
2022-09-15,5.62,45.49,32.39,8.7,15.34
2022-09-16,5.44,44.39,30.96,8.37,15.02
2022-09-19,5.43,44.17,31.5,8.17,15.01
2022-09-20,5.37,45.6,31.35,8.15,14.89
2022-09-21,5.5,44.06,31.18,8.32,14.92
2022-09-22,5.38,42.5,31.99,8.17,14.81
2022-09-23,5.4,43.38,31.18,8.04,14.77
2022-09-26,5.18,43.3,30.36,7.94,14.55
2022-09-27,5.32,44.63,30.4,7.92,14.65
2022-09-28,5.24,44.33,30.64,7.88,14.49
2022-09-29,5.18,44.87,31.41,7.62,14.27
2022-09-30,5.26,45.55,31.64,7.59,14.3
2022-10-10,5.23,45.28,31.98,7.58,14.2
2022-10-11,5.22,46.3,31.61,8.06,14.16
2022-10-12,5.25,46.55,31.93,8.09,14.35
2022-10-13,5.13,47.2,31.07,8.55,14.19
2022-10-14,5.26,49.12,31.54,8.54,14.56
2022-10-17,5.35,49.95,31.18,8.34,14.71
2022-10-18,5.32,52.5,30.99,8.5,14.67
2022-10-19,5.25,50.83,31.04,8.27,14.39
2022-10-20,5.25,50.73,30.45,8.11,14.35
2022-10-21,5.28,51.31,30.82,8.16,14.21
2022-10-24,5.17,52.68,29.85,8.01,13.91
2022-10-25,5.18,51.27,29.83,8.17,14.19
2022-10-26,5.07,52.34,29.01,8.0,14.16
2022-10-27,5.07,56.33,29.33,7.23,14.33
2022-10-28,4.95,50.7,29.36,6.86,14.04
2022-10-31,4.81,48.75,28.03,6.7,13.75
2022-11-01,4.88,47.3,28.42,6.78,14.11
2022-11-02,4.89,49.58,29.15,6.73,14.33
2022-11-03,4.88,48.68,28.83,6.72,14.17
2022-11-04,4.95,49.8,29.74,6.95,14.5
2022-11-07,5.02,48.98,30.17,6.96,14.51
2022-11-08,5.04,47.5,29.91,7.15,14.39
2022-11-09,5.11,47.45,29.41,7.02,14.28
2022-11-10,5.12,46.1,29.45,7.06,14.25
2022-11-11,5.24,46.09,29.85,7.21,14.51
2022-11-14,5.32,48.2,28.6,7.18,14.39
2022-11-15,5.37,48.17,28.59,7.19,14.58
2022-11-16,5.35,46.87,28.84,7.28,14.55
2022-11-17,5.32,47.2,28.24,7.22,14.51
2022-11-18,5.32,46.51,28.28,7.45,14.41
2022-11-21,5.25,46.8,27.99,7.68,14.36
2022-11-22,5.39,45.26,28.57,7.62,14.43
2022-11-23,5.47,45.99,29.34,7.83,14.55
2022-11-24,5.47,46.71,29.41,7.99,14.52
2022-11-25,5.57,46.99,30.26,8.09,14.65
2022-11-28,5.49,47.18,30.37,8.3,14.36
2022-11-29,5.65,47.71,30.25,7.77,14.77
2022-11-30,5.64,49.15,30.55,7.75,15.18
2022-12-01,5.61,49.15,29.86,7.63,15.07
2022-12-02,5.59,48.53,29.39,7.57,15.06
2022-12-05,5.91,48.89,29.83,7.83,15.26
2022-12-06,5.96,48.12,29.95,7.57,15.29
2022-12-07,5.81,48.51,29.24,7.3,15.23
2022-12-08,5.81,48.54,29.1,7.2,15.24
2022-12-09,5.88,48.91,29.11,7.01,15.24
2022-12-12,5.76,49.97,28.43,6.82,15.04
2022-12-13,5.81,48.83,28.65,6.86,15.11
2022-12-14,5.77,46.91,28.82,6.82,15.14
2022-12-15,5.66,46.96,28.38,6.93,15.13
2022-12-16,5.84,47.5,28.58,7.12,15.25
2022-12-19,5.69,46.0,28.14,6.97,15.03
2022-12-20,5.66,45.61,27.91,6.85,14.72
2022-12-21,5.69,45.29,27.73,6.79,14.69
2022-12-22,5.63,44.27,27.52,6.6,14.77
2022-12-23,5.66,43.86,27.67,6.7,14.67
2022-12-26,5.54,45.24,27.67,6.95,14.71
2022-12-27,5.6,45.28,28.07,6.94,14.76
2022-12-28,5.63,44.36,28.16,7.45,14.63
2022-12-29,5.6,44.7,27.57,7.46,14.33
2022-12-30,5.59,44.68,27.62,7.61,14.41
2023-01-03,5.6,45.43,28.01,7.91,14.41
2023-01-04,5.65,45.76,27.73,7.77,14.41
2023-01-05,5.76,44.51,27.6,7.86,14.47
2023-01-06,5.9,42.3,27.62,7.83,14.47
2023-01-09,5.89,42.56,27.7,7.49,14.48
2023-01-10,5.83,44.32,27.44,7.38,14.49
2023-01-11,5.88,45.39,28.82,7.31,14.43
2023-01-12,5.93,45.37,28.8,7.24,14.38
2023-01-13,5.98,46.02,28.98,7.15,14.52
2023-01-16,6.12,47.03,28.62,7.06,14.7
2023-01-17,6.07,46.39,28.66,6.98,14.73
2023-01-18,6.09,45.93,28.51,7.05,14.72
2023-01-19,6.08,46.65,28.56,7.08,14.75
2023-01-20,6.13,46.98,28.71,7.31,14.84
2023-01-30,6.13,48.37,28.06,7.16,15.02
2023-01-31,6.18,47.14,28.39,7.48,15.02
2023-02-01,6.3,47.13,28.28,7.59,15.19
2023-02-02,6.29,47.21,28.49,7.71,14.96
2023-02-03,6.11,46.19,28.25,7.8,14.84
2023-02-06,6.04,45.8,28.12,7.7,14.85
2023-02-07,6.1,45.58,28.15,8.0,14.9
2023-02-08,6.06,45.28,27.91,7.98,14.85
2023-02-09,6.08,45.68,28.03,7.93,14.9
2023-02-10,6.07,45.25,27.7,8.13,14.83
2023-02-13,6.11,46.4,27.43,7.81,14.88
2023-02-14,6.23,46.4,27.52,8.08,14.92
2023-02-15,6.21,46.9,27.21,8.16,14.95
2023-02-16,6.2,47.22,26.9,8.08,14.81
2023-02-17,6.15,47.83,27.03,7.89,14.7
2023-02-20,6.42,48.02,27.58,7.93,15.0
2023-02-21,6.63,48.62,27.89,7.9,15.21
2023-02-22,6.63,48.32,27.86,7.86,15.13
2023-02-23,6.63,48.06,28.02,7.86,15.14
2023-02-24,6.72,47.91,27.85,7.91,14.96
2023-02-27,6.64,47.95,27.96,7.81,14.89
2023-02-28,6.58,48.96,28.0,8.17,15.03
2023-03-01,6.62,48.96,28.06,8.36,15.19
2023-03-02,6.73,48.8,28.18,8.28,15.21
2023-03-03,6.8,48.6,28.46,8.37,15.28
2023-03-06,6.68,50.98,28.14,8.7,15.2
2023-03-07,6.71,49.79,28.87,8.61,15.14
2023-03-08,6.69,49.59,28.48,8.47,15.09
2023-03-09,6.62,49.42,28.55,8.53,14.93
2023-03-10,6.44,48.93,28.12,8.39,14.26
2023-03-13,6.57,50.15,29.02,8.42,14.11
2023-03-14,6.52,49.5,28.73,8.59,14.05
2023-03-15,6.73,50.32,28.84,8.92,14.11
2023-03-16,6.5,51.72,28.04,9.0,14.17
2023-03-17,6.62,50.86,28.57,8.9,14.21
2023-03-20,6.5,49.2,28.83,8.66,14.18
2023-03-21,6.36,49.5,28.53,8.69,14.2
2023-03-22,6.4,49.05,28.87,8.53,14.29
2023-03-23,6.41,50.74,29.38,8.71,14.31
2023-03-24,6.34,49.58,28.98,8.69,14.26
2023-03-27,6.28,49.57,27.68,8.56,14.23
2023-03-28,6.27,51.87,27.38,8.47,14.27
2023-03-29,6.19,53.6,27.27,8.49,14.25
2023-03-30,6.3,53.67,28.13,8.53,14.35
2023-03-31,6.24,55.14,28.17,8.57,14.36
2023-04-03,6.28,53.4,27.89,8.39,14.37
2023-04-04,6.45,56.36,28.21,8.31,14.48
2023-04-06,6.49,56.33,27.92,8.28,14.31
2023-04-07,6.53,54.96,27.74,8.52,14.32
2023-04-10,6.57,54.71,27.61,8.85,14.23
2023-04-11,6.65,55.21,27.58,8.88,14.19
2023-04-12,6.94,54.85,27.85,8.73,14.17
2023-04-13,6.87,55.08,28.17,8.76,14.2
2023-04-14,6.89,54.71,28.4,9.08,14.26
2023-04-17,7.03,55.0,29.04,9.18,14.47
2023-04-18,6.97,55.0,29.37,8.85,14.55
2023-04-19,7.08,54.7,29.29,9.03,14.36
2023-04-20,7.03,55.33,29.25,8.88,14.24
2023-04-21,6.88,55.08,29.03,8.73,13.93
2023-04-24,6.75,55.75,28.91,8.92,13.86
2023-04-25,6.66,58.58,28.79,9.07,13.79
2023-04-26,6.57,56.32,28.69,9.56,13.81
2023-04-27,6.56,57.97,28.72,9.65,13.97
2023-04-28,6.44,58.16,29.08,9.7,14.12
2023-05-04,6.64,62.72,29.57,9.98,13.95
2023-05-05,6.62,61.1,29.89,10.07,13.85
2023-05-08,6.88,61.93,31.73,9.98,14.02
2023-05-09,7.04,60.32,31.68,9.76,14.04
2023-05-10,6.81,58.65,31.36,9.64,14.26
2023-05-11,6.73,57.62,31.03,9.69,14.13
2023-05-12,6.51,57.68,30.84,9.86,14.01
2023-05-15,6.41,58.58,30.85,9.31,14.07
2023-05-16,6.28,58.38,31.16,9.37,13.97
2023-05-17,6.2,58.59,30.77,9.47,13.94
2023-05-18,6.23,58.39,30.92,9.47,13.81
2023-05-19,6.24,59.29,30.93,9.29,13.68
2023-05-22,6.27,59.73,30.83,9.6,13.74
2023-05-23,6.1,58.64,30.76,9.31,13.66
2023-05-24,5.99,56.63,30.19,9.16,13.4
2023-05-25,5.99,57.53,30.05,9.41,13.22
2023-05-26,6.07,60.18,29.3,9.71,13.2
2023-05-29,6.03,60.55,29.45,10.29,13.48
2023-05-30,5.98,60.02,29.17,10.24,13.52
2023-05-31,5.88,60.59,28.23,10.18,13.42
2023-06-01,5.85,59.09,27.97,10.09,13.49
2023-06-02,5.94,57.8,28.26,9.87,13.64
2023-06-05,5.95,58.59,28.56,9.88,13.61
2023-06-06,5.9,56.96,29.31,9.46,13.47
2023-06-07,5.89,57.69,29.32,9.34,13.44
2023-06-08,5.95,56.57,29.6,9.45,13.61
2023-06-09,5.91,56.28,29.45,9.57,13.8
2023-06-12,5.86,55.77,29.83,8.95,13.87
2023-06-13,5.82,55.99,29.62,8.8,13.93
2023-06-14,5.73,56.21,30.03,8.72,14.04
2023-06-15,5.73,56.35,30.0,8.69,14.14
2023-06-16,5.82,55.7,29.96,8.5,14.07
2023-06-19,5.68,56.87,29.82,8.84,14.15
2023-06-20,5.59,55.12,29.8,8.8,14.12
2023-06-21,5.53,54.27,29.81,8.84,14.09
2023-06-26,5.5,54.55,29.69,9.15,14.04
2023-06-27,5.62,55.9,29.98,9.15,14.08
2023-06-28,5.65,55.79,30.37,9.33,14.13
2023-06-29,5.62,56.31,30.15,9.25,14.15
2023-06-30,5.62,57.56,30.75,9.26,14.17
2023-07-03,5.75,55.52,31.16,9.3,14.28
2023-07-04,5.72,55.18,31.11,9.38,14.45
2023-07-05,5.73,55.8,28.85,9.45,14.37
2023-07-06,5.68,53.44,28.63,9.39,14.44
2023-07-07,5.71,53.58,28.7,9.43,14.41
2023-07-10,5.69,52.39,28.63,9.58,14.32
2023-07-11,5.71,52.37,28.51,9.53,14.54
2023-07-12,5.66,51.98,28.42,9.5,14.44
2023-07-13,5.74,52.15,28.68,9.47,14.45
2023-07-14,5.77,52.12,28.86,9.16,14.41
2023-07-17,5.74,52.97,27.76,9.35,14.36
2023-07-18,5.71,51.88,27.83,9.3,14.48
2023-07-19,5.74,52.01,27.96,9.26,14.28
2023-07-20,5.76,51.69,27.76,9.07,14.07
2023-07-21,5.76,51.94,27.67,9.12,14.17
2023-07-24,5.76,52.02,27.58,9.26,14.23
2023-07-25,6.09,52.06,28.23,8.63,14.45
2023-07-26,6.1,51.59,28.45,8.69,14.4
2023-07-27,6.29,51.26,28.38,8.51,14.62
2023-07-28,6.48,51.81,28.41,8.57,15.17
2023-07-31,6.42,51.03,28.38,8.6,15.49
2023-08-01,6.47,51.49,28.44,8.95,15.35
2023-08-02,6.5,50.53,27.91,8.91,15.33
2023-08-03,6.54,52.07,27.89,9.02,15.27
2023-08-04,6.52,54.99,27.8,8.95,15.3
2023-08-07,6.4,55.43,27.86,9.13,15.31
2023-08-08,6.36,57.08,27.92,9.05,15.33
2023-08-09,6.37,56.41,27.83,8.9,15.3
2023-08-10,6.42,56.85,28.12,8.84,15.23
2023-08-11,6.29,56.7,27.51,8.8,14.8
2023-08-14,6.27,57.37,27.36,9.09,14.47
2023-08-15,6.29,57.5,27.52,9.28,14.42
2023-08-16,6.29,57.7,27.4,9.19,14.35
2023-08-17,6.25,58.3,27.41,9.06,14.39
2023-08-18,6.22,56.28,27.35,8.96,14.21
2023-08-21,6.17,55.44,27.01,8.8,13.97
2023-08-22,6.22,55.81,27.52,8.87,14.04
2023-08-23,6.15,56.7,28.04,8.58,13.97
2023-08-24,6.07,56.48,27.81,8.53,13.95
2023-08-25,6.17,56.46,27.89,8.55,14.04
2023-08-28,6.36,56.1,28.5,8.22,14.23
2023-08-29,6.18,57.2,28.44,8.2,14.3
2023-08-30,6.11,55.38,28.28,8.14,14.14
2023-08-31,6.06,56.22,28.17,8.15,14.36
2023-09-01,6.36,55.29,28.75,8.01,14.54
2023-09-04,6.63,55.62,29.58,7.8,14.74
2023-09-05,6.55,55.45,29.76,8.02,14.71
2023-09-06,6.42,54.91,29.68,8.01,14.8
2023-09-07,6.37,54.68,29.79,7.91,14.73
2023-09-08,6.22,54.69,29.44,8.36,14.59
2023-09-11,6.21,54.9,29.79,8.27,14.89
2023-09-12,6.2,54.27,29.81,8.42,14.95
2023-09-13,6.24,54.43,30.26,8.42,14.88
2023-09-14,6.28,54.32,31.15,8.59,14.83
2023-09-15,6.22,53.64,31.17,8.33,14.74
2023-09-18,6.21,54.03,31.23,8.2,14.84
2023-09-19,6.39,53.93,31.38,8.23,14.94
2023-09-20,6.4,53.7,31.47,8.1,14.98
2023-09-21,6.26,53.2,31.16,8.09,14.91
2023-09-22,6.24,53.62,31.25,8.04,15.06
2023-09-25,6.24,54.14,31.35,8.01,14.97
2023-09-26,6.2,54.2,31.16,7.98,14.86
2023-09-27,6.12,54.4,30.86,7.91,14.84
2023-09-28,6.09,54.78,31.2,7.87,14.8
2023-10-09,6.14,53.82,31.55,7.87,14.97
2023-10-10,6.11,52.82,31.06,7.71,14.92
2023-10-11,6.03,52.79,30.86,7.65,14.82
2023-10-12,6.12,52.78,30.7,7.81,15.17
2023-10-13,6.06,52.3,30.77,7.65,15.12
2023-10-16,5.9,51.13,31.43,7.59,15.12
2023-10-17,6.2,50.71,31.59,7.63,15.07
2023-10-18,6.22,49.6,31.6,7.46,15.18
2023-10-19,5.84,48.68,30.95,7.37,14.74
2023-10-20,5.84,48.85,30.78,7.38,14.6
2023-10-23,5.79,49.4,30.93,7.29,14.55
2023-10-24,5.8,49.8,30.59,7.2,14.5
2023-10-25,6.33,49.8,30.36,7.1,14.82
2023-10-26,6.33,49.88,30.55,7.41,15.0
2023-10-27,6.28,52.45,30.35,7.72,15.17
2023-10-30,6.28,52.98,29.71,7.64,14.8
2023-10-31,6.26,51.35,30.32,7.61,14.52
2023-11-01,6.25,51.65,30.29,7.61,14.52
2023-11-02,6.29,51.37,30.49,7.62,14.78
2023-11-03,6.17,50.95,30.37,7.67,14.83
2023-11-06,6.09,51.02,29.48,7.62,15.01
2023-11-07,6.09,50.66,29.65,7.53,14.92
2023-11-08,6.03,50.06,29.76,7.53,14.91
2023-11-09,6.07,50.04,30.72,7.54,14.87
2023-11-10,6.05,50.77,31.1,7.61,14.6
2023-11-13,6.18,50.15,30.93,7.59,14.44
2023-11-14,6.07,50.25,30.65,7.59,14.4
2023-11-15,6.2,50.26,30.74,7.58,14.48
2023-11-16,6.23,49.76,30.77,7.6,14.32
2023-11-17,6.18,50.16,30.8,7.71,14.48
2023-11-20,6.18,51.92,30.72,7.65,14.44
2023-11-21,6.26,51.5,30.71,7.55,14.43
2023-11-22,6.21,51.16,30.65,7.57,14.37
2023-11-23,6.25,51.62,30.95,7.52,14.69
2023-11-24,6.21,51.97,31.05,7.4,14.58
2023-11-27,6.16,52.0,31.25,7.51,15.49
2023-11-28,6.26,52.62,30.99,7.48,15.37
2023-11-29,6.17,51.86,31.17,7.37,15.05
2023-11-30,6.22,53.15,31.49,7.71,14.88
2023-12-01,6.25,52.76,31.51,7.66,14.86
2023-12-04,6.23,52.57,31.76,7.7,14.71
2023-12-05,6.14,52.66,31.28,7.66,14.44
2023-12-06,6.12,51.65,31.04,7.59,14.09
2023-12-07,6.14,51.22,30.57,7.75,14.04
2023-12-08,6.11,50.96,30.58,7.78,14.12
2023-12-11,6.17,51.65,31.08,7.91,13.99
2023-12-12,6.04,52.5,31.25,7.87,14.0
2023-12-13,6.0,52.44,30.78,7.85,13.77
2023-12-14,6.01,52.21,30.69,7.77,13.61
2023-12-15,6.06,51.37,30.41,7.58,13.49
2023-12-18,6.0,51.49,30.75,7.57,13.47
2023-12-19,6.0,51.25,30.8,7.52,13.45
2023-12-20,6.02,50.97,31.03,7.79,13.28
2023-12-21,6.0,51.72,30.77,7.74,13.35
2023-12-22,6.07,51.7,31.38,7.7,13.4
2023-12-25,6.07,52.82,31.76,7.84,13.38
2023-12-26,6.02,51.91,31.31,7.87,13.29
2023-12-27,6.05,53.28,31.65,7.97,13.3
2023-12-28,5.96,53.15,31.22,7.82,13.52
2023-12-29,5.93,53.7,31.35,7.7,13.53
2024-01-02,6.01,54.6,32.38,8.0,13.42
2024-01-03,6.14,54.65,32.98,8.33,13.5
2024-01-04,6.15,54.9,33.43,8.42,13.42
2024-01-05,6.18,53.8,33.45,8.35,13.34
2024-01-08,6.15,53.46,33.65,8.45,13.12
2024-01-09,6.14,53.21,34.05,8.55,13.22
2024-01-10,6.04,51.36,33.85,8.58,13.22
2024-01-11,5.96,50.81,33.25,8.37,13.38
2024-01-12,5.92,50.19,33.62,8.45,13.32
2024-01-15,5.89,50.78,34.04,8.61,13.32
2024-01-16,5.9,51.4,34.28,8.65,13.46
2024-01-17,5.8,50.61,34.14,8.55,13.25
2024-01-18,5.74,50.74,34.07,8.44,13.37
2024-01-19,5.77,50.76,33.25,8.18,13.41
2024-01-22,5.65,49.78,32.96,8.06,13.24
2024-01-23,5.67,50.1,33.62,8.25,13.2
2024-01-24,5.89,51.02,34.61,8.45,13.51
2024-01-25,6.08,51.14,35.12,8.69,13.76
2024-01-26,6.21,51.72,35.8,8.88,13.89
2024-01-29,6.2,52.21,35.65,8.92,13.91
2024-01-30,6.16,46.99,35.76,8.75,13.71
2024-01-31,6.15,43.72,37.12,8.76,13.67
2024-02-01,6.12,42.58,36.3,8.49,13.71
2024-02-02,6.17,41.55,37.02,8.66,13.75
2024-02-05,6.22,40.6,38.13,8.55,13.78
2024-02-06,6.32,43.4,37.74,8.55,14.15
2024-02-07,6.29,43.55,38.59,8.52,14.41
2024-02-08,6.31,43.77,38.07,8.74,14.58
2024-02-19,6.44,44.28,39.81,8.99,14.55
2024-02-20,6.56,44.8,39.76,8.95,14.63
2024-02-21,6.55,44.81,39.58,8.81,14.73
2024-02-22,6.66,44.91,40.83,8.98,14.85
2024-02-23,6.66,44.82,39.85,8.98,14.9
2024-02-26,6.58,44.75,38.6,8.73,14.78
2024-02-27,6.65,44.7,38.58,8.63,14.89
2024-02-28,6.6,44.41,39.0,8.89,14.76
2024-02-29,6.67,44.5,38.6,8.82,14.96
2024-03-01,6.68,44.0,38.38,8.63,14.98
2024-03-04,6.64,43.77,38.99,8.95,14.97
2024-03-05,6.73,43.89,39.55,9.13,15.18
2024-03-06,6.7,43.35,39.42,9.1,15.01
2024-03-07,6.84,42.84,40.09,9.28,15.0
2024-03-08,6.86,42.82,39.75,9.45,15.0
2024-03-11,6.8,43.1,38.7,9.37,14.98
2024-03-12,6.61,44.74,37.18,9.01,14.91
2024-03-13,6.6,43.85,37.07,9.05,14.83
2024-03-14,6.61,43.32,37.42,9.14,14.67
2024-03-15,6.57,43.54,37.31,9.28,14.63
2024-03-18,6.63,43.14,36.76,9.28,14.84
2024-03-19,6.59,42.84,37.33,9.18,14.74
2024-03-20,6.58,42.7,37.49,9.11,14.9
2024-03-21,6.54,42.83,37.67,8.99,14.9
2024-03-22,6.48,42.0,37.94,9.0,14.85
2024-03-25,6.49,41.13,38.51,9.07,14.73
2024-03-26,6.49,40.6,38.03,9.27,15.01
2024-03-27,6.51,41.4,38.84,9.17,14.97
2024-03-28,6.47,41.68,38.64,9.15,14.95
2024-03-29,6.64,40.99,39.09,9.38,15.07
2024-04-01,6.63,41.8,38.38,9.2,15.27
2024-04-02,6.69,40.84,39.05,9.45,15.29
2024-04-03,6.67,41.27,39.59,9.44,15.35
2024-04-08,6.71,40.77,39.58,9.83,15.31
2024-04-09,6.64,41.55,39.69,9.78,15.3
2024-04-10,6.64,41.91,40.13,9.79,15.28
2024-04-11,6.69,41.28,40.0,9.96,15.27
2024-04-12,6.74,41.02,39.73,10.1,15.02
2024-04-15,6.9,41.19,41.05,10.14,15.21
2024-04-16,7.0,40.96,41.7,9.92,15.23
2024-04-17,7.21,41.87,41.9,10.05,15.19
2024-04-18,7.29,41.77,41.36,9.62,15.36
2024-04-19,7.36,42.2,41.89,9.57,15.23
2024-04-22,7.28,41.93,40.3,9.5,15.09
2024-04-23,7.03,41.5,39.9,9.31,15.01
2024-04-24,7.07,41.14,39.8,9.72,14.94
2024-04-25,7.11,40.83,39.96,9.47,15.14
2024-04-26,7.09,42.9,39.55,9.42,15.2
2024-04-29,7.03,43.36,39.0,9.22,15.28
2024-04-30,6.95,42.33,39.83,9.36,14.86
2024-05-06,6.97,44.6,39.55,9.44,14.8
2024-05-07,6.86,44.93,39.93,9.23,14.56
2024-05-08,6.84,44.78,41.15,9.15,14.55
2024-05-09,6.95,44.7,40.85,9.17,14.57
2024-05-10,7.03,44.48,40.97,9.26,14.61
2024-05-13,7.1,46.38,40.78,9.46,14.6
2024-05-14,6.95,48.0,40.27,9.49,14.6
2024-05-15,6.92,47.22,40.17,9.12,14.46
2024-05-16,7.0,46.78,39.6,8.93,14.4
2024-05-17,7.02,46.33,39.89,8.81,14.52
2024-05-20,7.01,46.15,40.93,8.96,14.42
2024-05-21,7.0,46.52,41.97,8.89,14.47
2024-05-22,7.09,45.54,41.74,8.91,14.43
2024-05-23,6.96,45.05,42.0,8.73,14.18
2024-05-24,6.91,45.51,41.31,8.93,14.19
2024-05-27,6.99,45.56,42.0,9.12,14.38
2024-05-28,6.99,45.22,42.9,9.11,14.09
2024-05-29,6.99,45.33,43.45,9.17,14.13
2024-05-30,6.98,44.5,43.09,8.91,14.23
2024-05-31,6.9,44.57,42.33,8.96,14.07
2024-06-03,6.95,43.88,43.34,9.0,14.4
2024-06-04,7.07,44.88,42.34,9.2,14.26
2024-06-05,7.05,44.33,42.75,9.1,14.17
2024-06-06,7.04,44.75,44.16,9.27,14.14
2024-06-07,6.99,44.04,44.15,9.4,14.11
2024-06-11,6.84,44.19,43.44,9.22,14.1
2024-06-12,6.89,44.25,44.65,9.34,14.19
2024-06-13,6.65,42.65,44.58,9.4,13.97
2024-06-14,6.8,42.35,44.35,9.25,14.3
2024-06-17,6.49,42.27,43.54,9.07,14.32
2024-06-18,6.56,42.65,43.57,9.14,14.36
2024-06-19,6.64,42.74,43.44,9.04,14.16
2024-06-20,6.66,41.11,44.63,9.12,14.02
2024-06-21,6.58,40.9,44.11,9.07,14.05
2024-06-24,6.57,38.26,44.25,9.25,14.0
2024-06-25,6.59,38.39,43.93,9.25,13.96
2024-06-26,6.6,39.46,43.75,9.21,13.94
2024-06-27,6.56,38.56,43.5,9.2,13.79
2024-06-28,6.65,38.21,44.37,9.62,13.86
2024-07-01,6.76,39.25,45.28,9.78,13.86
2024-07-02,6.99,38.86,45.8,9.81,13.75
2024-07-03,6.98,38.44,45.25,9.77,13.77
2024-07-04,6.99,38.06,45.4,9.73,13.7
2024-07-05,7.0,38.53,45.1,9.63,13.62
2024-07-08,7.06,37.78,43.38,9.72,13.38
2024-07-09,7.05,37.57,43.4,9.75,13.5
2024-07-10,6.92,36.38,41.71,9.35,13.82
2024-07-11,6.95,37.43,41.68,8.97,14.02
2024-07-12,6.94,37.09,41.21,8.7,14.2
2024-07-15,7.0,37.33,42.39,8.82,14.23
2024-07-16,7.01,37.5,42.41,8.8,14.52
2024-07-17,7.03,38.09,41.72,8.59,14.81
2024-07-18,7.09,38.96,42.05,8.76,14.77
2024-07-19,7.07,39.33,41.97,8.75,14.87
2024-07-22,7.11,39.68,41.73,8.46,14.91
2024-07-23,6.93,38.05,41.06,8.23,14.69
2024-07-24,6.96,37.53,41.76,8.31,14.49
2024-07-25,6.91,36.66,41.25,8.29,14.5
2024-07-26,6.84,36.74,40.8,8.27,14.43
2024-07-29,6.96,36.19,40.84,8.35,14.6
2024-07-30,6.93,35.51,39.8,8.21,14.45
2024-07-31,6.8,37.29,39.75,7.95,14.68
2024-08-01,6.82,36.24,39.41,7.74,14.73
2024-08-02,6.72,36.29,39.11,7.54,14.55
2024-08-05,6.52,36.73,38.47,7.37,14.52
2024-08-06,6.45,37.34,38.15,7.52,14.25
2024-08-07,6.42,37.01,38.88,7.54,14.18
2024-08-08,6.38,37.37,38.89,7.43,14.08
2024-08-09,6.35,36.8,39.05,7.39,13.86
2024-08-12,6.27,36.93,39.3,7.36,13.74
2024-08-13,6.3,36.4,39.08,7.36,13.65
2024-08-14,6.13,36.08,39.13,7.39,13.33
2024-08-15,6.14,36.23,40.19,7.49,13.46
2024-08-16,6.1,36.29,40.53,7.39,13.08
2024-08-19,6.1,36.3,40.35,7.35,13.09
2024-08-20,6.01,35.73,39.69,7.24,12.88
2024-08-21,6.04,35.52,39.77,7.18,12.84
2024-08-22,5.97,35.2,39.93,7.21,12.67
2024-08-23,5.98,35.52,40.28,7.12,13.0
2024-08-26,6.01,34.9,40.35,7.0,12.88
2024-08-27,6.05,33.9,41.7,6.96,12.76
2024-08-28,5.99,33.96,41.41,7.04,12.55
2024-08-29,5.85,34.36,40.75,6.94,12.55
2024-08-30,5.96,35.17,40.55,6.94,12.56
2024-09-02,5.93,34.68,41.08,6.94,12.17
2024-09-03,5.87,34.94,40.18,6.84,12.23
2024-09-04,5.85,34.33,39.66,6.76,12.09
2024-09-05,5.83,34.43,38.72,6.76,12.15
2024-09-06,5.81,34.2,38.04,6.67,12.28
2024-09-09,5.67,33.65,37.22,6.6,12.14
2024-09-10,5.67,33.08,37.49,6.59,11.79
2024-09-11,5.58,32.4,36.74,6.38,11.82
2024-09-12,5.6,31.83,37.61,6.4,11.67
2024-09-13,5.58,31.52,37.85,6.42,11.55
2024-09-18,5.58,31.21,38.24,6.44,11.78
2024-09-19,5.6,31.75,38.0,6.54,11.83
2024-09-20,5.61,31.88,38.5,6.46,11.86
2024-09-23,5.72,31.35,39.1,6.65,11.89
2024-09-24,6.0,32.88,41.18,6.87,12.23
2024-09-25,6.17,33.41,41.78,6.88,12.56
2024-09-26,6.38,35.9,42.73,7.03,13.22
2024-09-27,6.41,38.24,41.81,7.24,13.57
2024-09-30,6.94,42.06,43.6,7.71,14.63
2024-10-08,7.03,43.42,42.44,7.94,14.91
2024-10-09,6.39,39.12,40.35,7.45,13.59
2024-10-10,6.76,39.09,42.95,7.57,13.92
2024-10-11,6.77,37.38,42.6,7.31,13.67
2024-10-14,6.93,37.58,42.67,7.26,13.63
2024-10-15,6.66,36.4,41.81,7.08,13.2
2024-10-16,6.72,36.02,41.53,7.07,13.07
2024-10-17,6.54,35.6,40.99,6.92,12.8
2024-10-18,6.56,37.24,41.98,7.05,13.11
2024-10-21,6.52,39.22,41.32,7.01,12.94
2024-10-22,6.57,39.72,41.44,7.32,13.12
2024-10-23,6.65,39.44,41.05,7.31,13.45
2024-10-24,6.59,39.4,41.29,7.36,13.18
2024-10-25,6.59,39.05,40.93,7.28,13.35
2024-10-28,6.91,39.35,41.1,7.48,13.45
2024-10-29,6.77,39.03,40.98,7.27,13.3
2024-10-30,6.56,40.05,40.44,7.11,13.18
2024-10-31,6.52,39.6,40.04,7.26,12.87
2024-11-01,6.68,40.4,41.07,7.2,12.89
2024-11-04,6.69,40.21,40.75,7.21,13.17
2024-11-05,6.78,40.72,41.03,7.27,13.27
2024-11-06,6.79,40.84,40.33,7.24,13.28
2024-11-07,6.95,42.18,40.81,7.35,13.56
2024-11-08,6.83,42.69,40.19,7.32,13.43
2024-11-11,6.71,42.94,39.38,7.35,13.83
2024-11-12,6.61,42.54,38.91,7.28,15.21
2024-11-13,6.63,42.46,39.37,7.31,16.73
2024-11-14,6.55,42.0,39.61,7.21,16.72
2024-11-15,6.58,41.01,40.14,7.12,17.27
2024-11-18,6.8,41.08,41.43,7.22,18.35
2024-11-19,6.73,41.48,41.11,7.11,16.52
2024-11-20,6.73,41.1,41.04,7.17,17.15
2024-11-21,6.77,40.9,41.19,7.2,18.28
2024-11-22,6.56,39.53,39.8,6.99,17.98
2024-11-25,6.56,39.22,40.11,6.92,19.5
2024-11-26,6.52,39.47,39.8,6.88,18.37
2024-11-27,6.6,39.84,40.6,6.96,17.93
2024-11-28,6.62,39.39,40.27,6.9,17.43
2024-11-29,6.62,40.76,39.96,6.97,17.58
2024-12-02,6.78,41.25,39.61,7.06,19.0
2024-12-03,6.82,40.95,40.23,7.1,18.93
2024-12-04,6.82,40.76,42.1,7.09,17.85
2024-12-05,6.83,40.76,41.92,7.06,18.28
2024-12-06,6.92,40.61,42.34,7.13,17.76
2024-12-09,6.95,40.19,42.5,7.19,18.07
2024-12-10,6.91,40.71,42.54,7.11,17.97
2024-12-11,6.99,41.21,43.38,7.13,17.72
2024-12-12,6.89,41.65,43.11,7.15,17.42
2024-12-13,6.75,40.9,42.6,7.0,18.74
2024-12-16,6.79,40.26,43.45,7.14,18.23
2024-12-17,6.86,39.95,42.8,7.05,18.27
2024-12-18,7.02,40.0,43.06,7.15,18.98
2024-12-19,6.89,41.6,42.61,7.03,18.33
2024-12-20,6.78,42.21,41.34,6.89,18.19
2024-12-23,6.99,41.7,41.78,6.97,18.13
2024-12-24,7.02,41.58,41.74,7.01,18.62
2024-12-25,7.11,41.6,42.9,6.96,18.85
2024-12-26,6.99,41.29,42.13,6.79,18.84
2024-12-27,7.04,41.3,42.19,6.87,19.81
2024-12-30,7.04,41.46,42.78,6.84,21.04
2024-12-31,7.0,40.59,43.48,6.77,20.76
